record_id,author_1,year,title,doi,url1,General Info: To be included,General Info: Aim/objective of the study,General Info: SARS-CoV-2 infection diagnosed by,General Info: Setting of data collection,"General Info: ""other"" setting","General Info: Setting 2 [used in Q1, Q2 analysis]",General Info: Country,"General Info: Region or comments from ""country""",General Info: Duration of follow-up time (14 days after the last possible exposure date),General Info: Duration of follow-up time (7 days after diagnosis),General Info: Duration of follow-up time (Until negative PCR result),General Info: Duration of follow-up time (>7 days after diagnosis),General Info: Which questions are addressed in this study? (Question 1),General Info: Which questions are addressed in this study? (Question 2.1 and Question 2.2),Q1: Number of clusters described,Q1: Omit from meta-analysis,Q1: Number of individuals that were asymptomatic throughout infection,Q1: Total number of individuals,Q1: Number of individuals that were asymptomatic throughout infection [cluster2],Q1: Total number of individuals [cluster2],Q1: Number of females who remained asymptomatic throughout infection,Q1: Number of males who remained asymptomatic throughout infection,Q1: Enter median age of all people who remained asymptomatic throughout infection,Q1: Enter IQR for age of all people who remained asymptomatic throughout infection,Q1: Age range of asymptomatic (Children (< 18 years)),Q1: Age range of asymptomatic (Adults (18 - 65 years)),Q1: Age range of asymptomatic (Older adults (>65 years)),Q1: Age range of asymptomatic (All ages),Q1: Age range of asymptomatic (Not Reported),Q2.1 and Q2.2: What does this study report?,Q2.1 and Q2.2: Summary of results,Q2.1: Asymptomatic SAR ,Q2.1: Asymptomatic SAR Risk Ratio (RR),Q2.1: Asymptomatic  SAR Risk Ratio (RR) Lower Confidence Interval,Q2.1: Asymptomatic  SAR Risk Ratio (RR) Upper Confidence Interval,Q2.1: Asymptomatic SAR Odds Ratio (OR),Q2.1: Asymptomatic  SAR Odds Ratio (OR) Lower Confidence Interval,Q2.1: Asymptomatic  SAR Odds Ratio (OR) Upper Confidence Interval,Q2.1: Pre-symptomatic SAR,Q2.1: Pre-symptomatic SAR Risk Ratio (RR),Q2.1: Pre-symptomatic SAR Risk Ratio (RR) Lower Confidence Interval,Q2.1: Pre-symptomatic SAR Risk Ratio (RR) Upper Confidence Interval,Q2.1: Pre-symptomatic SAR Odds Ratio (OR),Q2.1: Pre-symptomatic SAR Odds Ratio (RR) Lower Confidence Interval,Q2.1: Pre-symptomatic SAR Odds Ratio (OR) Upper Confidence Interval,Q2.1: Mild symptomatic SAR,Q2.1: Moderate symptomatic SAR,Q2.1: Severe/critical symptomatic SAR ,Q2.1: ANY symptomatic SAR,Q2.2: Region/setting,Q2.2: Proportion asymptomatic transmission (median),Q2.2: Proportion asymptomatic transmission (lower CrI),Q2.2: Proportion asymptomatic transmission (upper CrI),Q2.2: Proportion pre-symptomatic transmission (median),Q2.2: Proportion pre-symptomatic transmission (lower CrI),Q2.2: Proportion pre-symptomatic transmission (upper CrI)
88,Ferretti L,2020,Quantifying SARS-CoV-2 transmission suggests epidemic control with digital contact tracing.,10.1126/science.abb6936,https://www.ncbi.nlm.nih.gov/pubmed/32234805,1,To analyze key parameters of epidemic spread to estimate the contribution of different transmission routes and determine requirements for case isolation and contact-tracing needed to stop the epidemic.,1,1,,,87,Diamond princess cruise ship,0,0,0,0,0,1,,,,,,,,,,,0,0,0,0,0,,"Copied from Michel's report:  Ferretti et al (2020) divide the transmission rate in the proportion caused by symptomatic, asymptomatic, pre-symptomatic and environmental transmission. With the parameters they chose, informed by previous studies, they found that pre-symptomatic patients account for 47% (11-58%) of the total transmission, and asymptomatic transmission 6% (0-57%) of the total. They provide a shiny app, where different assumptions can be evaluated.     DB: Information detailed in Table 2",,,,,,,,,,,,,,,,,,,0.06,0,0.57,0.47,0.11,0.58,
122,Luo L1,2020,Modes of contact and risk of transmission in COVID-19 among close contacts,10.1101/2020.03.24.20042606,http://dx.doi.org/10.1101/2020.03.24.20042606,1,To document modes of contact and  risk of transmission  in 4.950 persons with close contacts with confirmed COVID-2019. ,1,6,,2,40,Guangzhou,1,0,1,0,0,1,,,,,,,,,,,0,0,0,0,0,1,"Presents in table 2, Severity of source cases. Thus allows to see SAR.",1;305,,,,,,9999;9999,,,,,,,19;576,82;1469,16;260,117;2305,,,,,,,,
170,Chang L,2020,Severe Acute Respiratory Syndrome Coronavirus 2 RNA Detected in Blood Donations.,10.3201/eid2607.200839,https://www.ncbi.nlm.nih.gov/pubmed/32243255,1,Not stated.,1,88,Blood donor screening,10,40,Wuhan,0,1,1,0,1,0,1,0,2,4,,,0,2,45,37-53,0,1,0,0,0,,,,,,,,,,,,,,,,,,,,,,,,,,,
183,Zhang W,2020,Estimating the presymptomatic transmission of COVID19 using incubation period and serial interval data,10.1101/2020.04.02.20051318,https://www.medrxiv.org/content/10.1101/2020.04.02.20051318v1?rss=1',1,We estimated the fraction and timing of presymptomatic transmissions of COVID19 with mathematical models combining the available data of the incubation period and serial interval,,,,,40,Wuhan and outside Wuhan ,0,0,0,0,0,1,,,,,,,,,,,0,0,0,0,0,0,"By fitting a mathematical model to estimates of the incubation period and serial interval, the author found that up to 79.7% transmissions could be presymptomatic among the imported cases in China outside Wuhan. The average timing of presymptomatic transmissions is 3.8 days (SD = 6.1) before the symptom onset, which is much earlier than previously assumed.",,,,,,,,,,,,,,,,,,Early Transmission;Imported Cases,9999,9999,9999,0.197;0.797,9999;9999,9999;9999,
242,Danis K,2020,"Cluster of coronavirus disease 2019 (Covid-19) in the French Alps, 2020.",10.1093/cid/ciaa424,https://www.ncbi.nlm.nih.gov/pubmed/32277759,1,"On 07/02/2020, French Health authorities were informed of a confirmed case of  SARS-CoV-2 coronavirus in an Englishman infected in Singapore who had recently stayed  in a chalet in the French Alps. We conducted an investigation to identify secondary cases  and interrupt transmission",1,6,,3,62,NR,1,1,0,1,1,0,1,,1,12,,,9999,9999,9999,9999,0,0,0,1,0,,,,,,,,,,,,,,,,,,,,,,,,,,,
279,He X,2020,Temporal dynamics in viral shedding and transmissibility of COVID-19.,10.1038/s41591-020-0869-5,https://www.ncbi.nlm.nih.gov/pubmed/32296168,1,"Study that describes that they observed the highest viral load in throat swabs at the time of symptom onset, and inferred that infectiousness peaked on or before symptom onset. They estimated that 44% (95% confidence interval, 25-69%) of secondary cases were infected during the index cases' presymptomatic stage",1,2,,,40,,0,0,0,0,0,1,,,,,,,,,,,0,0,0,0,0,,"He et al. Inferred using statistical modeling 77 transmission pairs obtained from publicly available sources within and outside mainland China, the serial interval was estimated to have a mean of 5.8 days (95% confidence interval (CI), 4.8-6.8 days) and a median of 5.2 days (95% CI, 4.1-6.4 days) based on a fitted gamma distribution, with 7.6% negative serial intervals (Fig. 1c). They inferredthat infectiousness started from 2.3 days (95% CI, 0.8-3.0 days) before symptom onset and peaked at 0.7 days (95% CI, ?0.2-2.0 days) before symptom onset (Fig. 1c). The estimated proportion of presymptomatic transmission (area under the curve) was 44% (95% CI, 25-69%).",,,,,,,,,,,,,,,,,,,9999,9999,9999,0.44,0.25,0.69,
294,Lavezzo E,2020,Suppression of a SARS-CoV-2 outbreak in the Italian municipality of Vo'.,10.1038/s41586-020-2488-1,https://www.ncbi.nlm.nih.gov/pubmed/32604404,1,"From Nature publication, ""In this study we present the results of two surveys of the resident population of Vo', conducted less than two weeks apart, to investigate population exposure to SARS-CoV-2 before and after the lockdown. We present an analysis of population demography, prevalence of infection, viral load and frequency of symptomatic, asymptomatic and pre-symptomatic infections.""",1,88,Population screening of a whole village,10,85,Veneto,0,1,0,0,1,0,1,0,29,73,,,9999,9999,9999,9999,0,0,0,1,0,,,,,,,,,,,,,,,,,,,,,,,,,,,
317,Hoehl S,2020,"Evidence of SARS-CoV-2 Infection in Returning Travelers from Wuhan, China.",10.1056/NEJMc2001899,https://www.ncbi.nlm.nih.gov/pubmed/32069388,1,"None stated. Report on evacuees from from Wuhan, China to Germany.",1,88,Screening,10,67,Germersheim,0,1,0,0,1,0,1,0,1,2,,,0,1,58,NA,0,0,0,0,1,,,,,,,,,,,,,,,,,,,,,,,,,,,
354,Park SY,2020,"Coronavirus Disease Outbreak in Call Center, South Korea.",10.3201/eid2608.201274,https://www.ncbi.nlm.nih.gov/pubmed/32324530,1,Describe the epidemiology of a coronavirus disease (COVID-19) outbreak in a call center in South Korea,1,6,,3,157,Seoul,0,1,0,1,1,1,1,,4,95,,,9999,9999,9999,9999,0,0,0,1,0,1,"COVID-19 had occurred in 34 household members who had contact with symptomatic case-patients, translating to a secondary attack rate of 16.2%    Table 2 for more in-depth results;  Presymptomatic exposed: 11 (4.8%)   Presymptomatic confirmed: 0 (0%)   Presymptomatic secondary attack rate (0)    asymptomatic exposed: 4 (1.9%)   asymptomatic confirmed: 0 (0%)   asymptomatic secondary attack rate (0)  ",0;4,,,,,,0;11,,,,,,,9999;9999,9999;9999,9999;9999,34;210,Work;Household,,,,,,,
376,Arons MM,2020,Presymptomatic SARS-CoV-2 Infections and Transmission in a Skilled Nursing Facility.,10.1056/NEJMoa2008457,https://www.ncbi.nlm.nih.gov/pubmed/32329971,1,To assess the extent of transmission and to evaluate the adequacy of symptom-based screening of residents to identify infections.,1,88,Nursing facility,3,181,"Seattle, WA",0,1,0,0,1,0,1,0,3,47,,,9999,9999,9999,9999,0,0,1,0,0,,,,,,,,,,,,,,,,,,,,,,,,,,,
396,Schwierzeck V,2020,First reported nosocomial outbreak of severe acute respiratory syndrome coronavirus 2 (SARS-CoV-2) in a pediatric dialysis unit.,10.1093/cid/ciaa491,https://www.ncbi.nlm.nih.gov/pubmed/32337584,1,"Here we describe an outbreak of SARS-CoV-2 among 28 health care workerss, 13 patients and seven accompanying persons at the pediatric dialysis unit",1,6,,3,67,Muenster,0,1,0,0,1,0,,,2,11,,,9999,9999,9999,9999,1,0,0,0,0,,,,,,,,,,,,,,,,,,,,,,,,,,,
477,Cheng HY,2020,Contact Tracing Assessment of COVID-19 Transmission Dynamics in Taiwan and Risk at Different Exposure Periods Before and After Symptom Onset.,10.1001/jamainternmed.2020.2020,https://www.ncbi.nlm.nih.gov/pubmed/32356867,1,To deliniate the transmission dynamics of COVID-19 and evaluate the transmission risk at different exposure window periods before and after symptom onset.,1,6,,2,888,Taiwan,1,0,0,0,1,1,1,0,4,22,,,9999,9999,9999,9999,0,0,0,1,0,1,"To delineate the transmission dynamics of COVID-19 and evaluate the  transmission risk at different exposure window periods before and after symptom onset: Taiwan, secondary attack rates.",0;91,,,,,,2;299,,,,,,,4;1097,5;761,13;786,22;2644,,,,,,,,
506,Wong J,2020,High proportion of asymptomatic and presymptomatic COVID-19 infections in travelers and returning residents to Brunei.,10.1093/jtm/taaa066,https://www.ncbi.nlm.nih.gov/pubmed/32365178,1,To share the inital findings from analysis of the first 138 confirmed cases in Brunei Darussalam.,1,88,Surveillance,10,28,NR,0,1,1,0,1,0,1,0,16,138,,,9999,9999,9999,9999,0,0,0,0,1,,,,,,,,,,,,,,,,,,,,,,,,,,,
597,Wu J,2020,"Household Transmission of SARS-CoV-2, Zhuhai, China, 2020.",10.1093/cid/ciaa557,https://www.ncbi.nlm.nih.gov/pubmed/32392331,1,To determine pivotal transmission dynamics and to identify the risk factors for transmission of the virus in the household setting.,1,6,,1,40,Zhuhai,1,1,0,1,1,0,1,0,5,48,,,9999,9999,9999,9999,0,0,0,1,0,,,,,,,,,,,,,,,,,,,,,,,,,,,
598,Rivett L,2020,Screening of healthcare workers for SARS-CoV-2 highlights the role of asymptomatic carriage in COVID-19 transmission.,10.7554/eLife.58728,https://www.ncbi.nlm.nih.gov/pubmed/32392129,1,To describe the findings from a comprehensive staff screening programme at Cambridge University  Hospitals.,1,2,,11,180,Cambridge,0,1,0,0,1,0,1,0,5,30,,,9999,9999,9999,9999,0,0,0,1,0,,,,,,,,,,,,,,,,,,,,,,,,,,,
599,Hijnen D,2020,"SARS-CoV-2 Transmission from Presymptomatic Meeting Attendee, Germany.",10.3201/eid2608.201235,https://www.ncbi.nlm.nih.gov/pubmed/32392125,1,"During a meeting in Munich, Germany, a presymptomatic attendee with severe acute respiratory syndrome coronavirus 2 infected at least 11 of 13 other participants. Although 5 participants had no or mild symptoms, 6 had typical coronavirus disease, without dyspnea. Our findings suggest hand shaking and face-to-face contact as possible modes of transmission.",1,6,,1,67,Munich,1,1,0,0,1,0,1,,1,11,,,0,1,49,9999,0,1,0,0,0,,,,,,,,,,,,,,,,,,,,,,,,,,,
622,Treibel TA,2020,COVID-19: PCR screening of asymptomatic health-care workers at London hospital.,10.1016/S0140-6736(20)31100-4,https://www.ncbi.nlm.nih.gov/pubmed/32401714,1,To present the PCR screening results of asymptomatic health-care workers at London Hospital.,1,2,,11,180,London,0,1,0,1,1,0,1,0,12,44,,,9999,9999,9999,9999,0,1,0,0,0,,,,,,,,,,,,,,,,,,,,,,,,,,,
665,Brandstetter S,2020,Symptoms and immunoglobulin development in hospital staff exposed to a SARS-CoV-2 outbreak.,10.1111/pai.13278,https://www.ncbi.nlm.nih.gov/pubmed/32413201,1,"A COVID-19 outbreak among staff members of a major German children's and women's hospital was followed by massive RT-PCR SARS-CoV-2 tests and provided the opportunity to study symptoms, chains of infection, and SARS-CoV-2-specific antibody responses (IgG and IgA) by ELISA. Study participants were classified as COVID-19 cases, and persons with close, moderate, or no exposure to SARS-CoV-2 in the clinical setting, respectively.",1,2,,1,67,Regensburg,0,1,0,1,1,0,1,0,2,36,,,9999,9999,9999,9999,0,1,0,0,0,,,,,,,,,,,,,,,,,,,,,,,,,,,
713,Böhmer MM,2020,Investigation of a COVID-19 outbreak in Germany resulting from a single travel-associated primary case: a case series.,10.1016/S1473-3099(20)30314-5,https://www.ncbi.nlm.nih.gov/pubmed/32422201,1,"To understand transmission events and parameters that are relevant for successful containment, such as incubation period and secondary attack rates",1,6,,3,67,Bavaria,1,1,0,0,1,0,1,0,1,16,,,9999,9999,9999,9999,0,0,0,1,0,,,,,,,,,,,,,,,,,,,,,,,,,,,
729,London V,2020,The Relationship between Status at Presentation and Outcomes among Pregnant Women with COVID-19.,10.1055/s-0040-1712164,https://www.ncbi.nlm.nih.gov/pubmed/32428964,1,This study was aimed to compare maternal and pregancy outcomes of symptomatic and asymptomatic pregnant women with novel coronavirus 2019 (Covid-19).,1,2,,9,181,New York City,0,1,0,1,1,0,1,0,22,68,,,22,0,30.5,24.5-34.8,0,1,0,0,0,,,,,,,,,,,,,,,,,,,,,,,,,,,
798,Peak CM,2020,Individual quarantine versus active monitoring of contacts for the mitigation of COVID-19: a modelling study.,10.1016/S1473-3099(20)30361-3,https://www.ncbi.nlm.nih.gov/pubmed/32445710,1,"With different serial intervals (Serial interval (TLAT), days 4·6 4·8 (1·02 to 9·81) Nishiura and colleagues11 6·99 7·50 (2·39 to 15·48) Li and colleagues12) the presymptomatic transmission risk is infered:  a serial interval with a mean of 4·8 days is best fit by substantial presymptomatic infectiousness (mean 20·5% [95% CI 0-91·4]), while a longer serial interval with a mean of 7·5 days is best fit by limited presymptomatic infectiousness (mean 0·065% [95% CI 0-0·88]).",1,88,Surveillance,,200,,0,0,0,0,0,1,,,,,,,,,,,0,0,0,0,0,0,"a serial interval with a mean of 4·8 days is best fit by substantial presymptomatic infectiousness (mean 20·5% [95% CI 0-91·4]), while a longer serial interval with a mean of 7·5 days is best fit by limited presymptomatic infectiousness (mean 0·065% [95% CI 0-0·88]).",,,,,,,,,,,,,,,,,,Short SI;Long SI,,,,0.205;0.00065,0;0,0.914;0.0088,
821,Zhang W,2020,"Secondary Transmission of Coronavirus Disease from Presymptomatic Persons, China.",10.3201/eid2608.201142,https://www.ncbi.nlm.nih.gov/pubmed/32453686,1,"We analyzed contact-tracing surveillance data collected during January 28-March 15, 2020, to explore the secondary attack rate from different types of contact with persons presymptomatic for COVID-19 in Guangzhou, China.",1,6,,1,40,Guangzhou,1,1,1,0,1,1,1,0,4,12,,,9999,9999,9999,9999,0,0,0,1,0,1,"MC: found in Chinese patients that close contacts of asymptomatic index case-patients had the lowest AR, 0.8%, but the AR was 3.5% for those with mild symptoms, 5.7% for those with moderate symptoms, and 4.5% for those with severe symptoms",1;119,,,,,,9999;9999,,,,,,,5;141,5;87,1;22,11;250,,,,,,,,
832,Andrikopoulou M,2020,Symptoms and Critical Illness Among Obstetric Patients With Coronavirus Disease 2019 (COVID-19) Infection.,10.1097/AOG.0000000000003996,https://www.ncbi.nlm.nih.gov/pubmed/32459701,1,"To characterize symptoms and disease severity among pregnant women with coronavirus disease 2019 (COVID-19) infection, along with laboratory findings, imaging, and clinical outcomes.",1,2,,9,181,New York,0,1,0,0,1,0,1,0,46,158,,,46,0,9999,9999,0,1,0,0,0,,,,,,,,,,,,,,,,,,,,,,,,,,,
849,Dora AV,2020,"Universal and Serial Laboratory Testing for SARS-CoV-2 at a Long-Term Care Skilled Nursing Facility for Veterans - Los Angeles, California, 2020.",10.15585/mmwr.mm6921e1,https://www.ncbi.nlm.nih.gov/pubmed/32463809,1,"To aid  in rapid identification of additional cases after  of two cases of COVID-19 were identified in an SNF in Los Angeles,",1,2,,3,181,Los Angeles ,0,0,1,0,1,0,1,,6,16,,,9999,6,75,72-75,0,0,1,0,0,,,,,,,,,,,,,,,,,,,,,,,,,,,
1003,Graham N,2020,"SARS-CoV-2 infection, clinical features and outcome of COVID-19 in United Kingdom nursing homes.",10.1016/j.jinf.2020.05.073 ,https://www.ncbi.nlm.nih.gov/pubmed/32504743,1,Reporting on nursing home residents and staff. Tested using RT-PCR. To understand SARS-CoV-2 infection and transmission in UK nursing homes in order to develop preventive strategies for protecting the frail ederly patients,1,88,Nursing home residents,3,180,London,0,1,0,0,1,0,1,0,46,126,,,9999,9999,9999,9999,0,0,1,0,0,,,,,,,,,,,,,,,,,,,,,,,,,,,
1155,Bogani G,2020,"Cancer patients affected by COVID-19: Experience from Milan, Lombardy.",10.1016/j.ygyno.2020.06.161,https://www.ncbi.nlm.nih.gov/pubmed/32534808,1,Identify the impact of COVID on patients with gynaecological cancer. ,1,2,,9,85,Lombardy,0,0,1,0,1,0,1,0,10,19,,,10,0,9999,9999,0,0,1,0,0,,,,,,,,,,,,,,,,,,,,,,,,,,,
1225,Han X,2020,"Severe Acute Respiratory Syndrome Coronavirus 2 among Asymptomatic Workers Screened for Work Resumption, China.",10.3201/eid2609.201848,https://www.ncbi.nlm.nih.gov/pubmed/32553070,1,"We report on cases of asymptomatic SARS-CoV-2 infection among persons during work resumption screening in Wuhan.    At Wuhan Pingan Healthcare Diagnostic Center, we reviewed 29,299 asymptomatic persons who were screened for SARS-CoV-2 by reverse transcription PCR (RT-PCR) and 22,633 asymptomatic persons tested for SARS-CoV-2 antibodies during March 13-April 25, 2020.",1,88,work resumption screening,11,40,Wuhan,0,1,0,0,1,0,1,0,17,17,,,8,9,30,27-30,0,1,0,0,0,,,,,,,,,,,,,,,,,,,,,,,,,,,
1232,Patel MC,2020,Asymptomatic SARS-CoV-2 infection and COVID-19 mortality during an outbreak investigation in a skilled nursing facility.,10.1093/cid/ciaa763,https://www.ncbi.nlm.nih.gov/pubmed/32548628,1,"Here we describe the first known cluster of SARS-CoV-2 infections among residents of a skilled nursing facility (SNF) in Illinois. We performed symptom assessments and offered testing to all residents on a single day to determine the point prevalence of SARS-CoV-2 in the facility and followed residents for 30 days to evaluate the extent of presymptomatic and asymptomatic infection, incidence of symptoms among those who tested negative, and patient outcomes.",1,88,Skilled Nursing Facility,3,181,Illinois,0,1,0,1,1,0,1,0,13,35,,,9999,9999,9999,9999,0,0,1,0,0,,,,,,,,,,,,,,,,,,,,,,,,,,,
1264,Lombardi A,2020,"Characteristics of 1,573 healthcare workers who underwent nasopharyngeal swab for SARS-CoV-2 in Milano, Lombardy, Italy.",10.1016/j.cmi.2020.06.013,https://www.ncbi.nlm.nih.gov/pubmed/32569835,1,We aimed to assess in this group the attack rate of asymptomatic carriers and the symptoms most frequently associated with infection.,1,7,,11,85,Lombardy,1,1,1,0,1,0,1,0,17,139,,,9999,9999,9999,9999,0,1,0,0,0,,,,,,,,,,,,,,,,,,,,,,,,,,,
1271,Tindale LC,2020,Evidence for transmission of COVID-19 prior to symptom onset.,10.7554/eLife.57149,https://www.ncbi.nlm.nih.gov/pubmed/32568070,1,"We collated contact tracing data from COVID-19 clusters in Singapore and Tianjin, China and estimated the extent of pre-symptomatic transmission by estimating incubation periods and serial intervals",1,6,,,200,"Singapore and Tianjin, China",1,0,0,0,0,1,,,,,,,,,,,0,0,0,0,0,0,For Singapore is 0.74 (All without intermediate)  For Tianjin is 0.81 (All without intermediate)  ,,,,,,,,,,,,,,,,,,Singapore;Tianjin,,,,0.74;0.81,9999;9999,9999;9999,
1335,Pavli A,2020,A cluster of COVID-19 in pilgrims to Israel.,10.1093/jtm/taaa102,https://www.ncbi.nlm.nih.gov/pubmed/32584403,1,"The aim of this report is to describe a cluster of SARS-CoV-2 infections in Christian pilgrims returning from Israel to Greece in late February 2020, after their pilgrimage at Jerusalem holy place",1,6,,3,69,NR,1,1,0,0,1,0,1,0,7,46,,,9999,9999,9999,9999,0,0,0,1,0,,,,,,,,,,,,,,,,,,,,,,,,,,,
1438,Njuguna H,2020,"Serial Laboratory Testing for SARS-CoV-2 Infection Among Incarcerated and Detained Persons in a Correctional and Detention Facility - Louisiana, April-May 2020.",10.15585/mmwr.mm6926e2,https://www.ncbi.nlm.nih.gov/pubmed/32614816,1,evaluating COVID-19 symptoms in this setting and assessing the effectiveness of serial testing to identify additional persons with SARS-CoV-2 infection as part of efforts to mitigate transmission,1,88,"detention centres, dormitory",3,181,Louisiana,1,1,0,0,1,0,1,0,29,71,,,9999,9999,9999,9999,0,1,0,0,0,,,,,,,,,,,,,,,,,,,,,,,,,,,
1508,Moghadas SM,2020,The implications of silent transmission for the control of COVID-19 outbreaks.,10.1073/pnas.2008373117,https://www.ncbi.nlm.nih.gov/pubmed/32632012,1,The study aims to investigate the effect of asymptomatic/presymptomatic transmission.  ,,88,mathematical model.,,181,,0,0,0,0,0,1,,,,,,,,,,,0,0,0,0,0,0,"They do calculate transmission proportion with assumed different asymptomatic proportions     if 17.9% of infections are asymptomatic >>> 48% presemtomatic, 3.4% asymptomatic transmission    Considering a greater asymptomatic proportion of 30.8%>>> 47% presemtomatic and 6.6% asymtomatic    Region: New York City, United States of America",,,,,,,,,,,,,,,,,,17.9% asymptomatic;30.8% asymptomatic,0.034;0.066,9999;9999,9999;9999,0.48;0.47,9999;9999,9999;9999,
1556,Almazeedi S,2020,"Characteristics, risk factors and outcomes among the first consecutive 1096 patients diagnosed with COVID-19 in Kuwait",10.1016/j.eclinm.2020.100448,https://doi.org/10.1016/j.eclinm.2020.100448,1,"The objective of this study was to characterize the demographics, clinical manifestations, and outcomes in this unique patient population.",1,2,,10,92,NR,0,0,1,0,1,0,1,0,473,1096,,,9999,9999,9999,9999,0,0,0,1,0,,,,,,,,,,,,,,,,,,,,,,,,,,,
1627,Wi YM,2020,Response System for and Epidemiological Features of COVID-19 in Gyeongsangnam-do Province in South Korea.,10.1093/cid/ciaa967,https://www.ncbi.nlm.nih.gov/pubmed/32672789,1,We evaluated the application of the Korean  response system in one province and analyzed the epidemiological features of COVID-19 in  the cohort,1,2,,10,157, Gyeongsangnam-do province,0,0,1,0,1,0,1,0,7,111,,,9999,9999,9999,9999,0,0,0,1,0,,,,,,,,,,,,,,,,,,,,,,,,,,,
1654,Yau K,2020,COVID-19 Outbreak in an Urban Hemodialysis Unit.,10.1053/j.ajkd.2020.07.001,https://www.ncbi.nlm.nih.gov/pubmed/32681983,1,To report the dynamics and course or a recent COVID-19 outbreak  affecting patients and staff at an urban hemodyalisis unit,1,2,,3,34,Toronto,0,1,0,1,1,0,1,0,7,20,,,9999,9999,9999,9999,0,0,0,1,0,,,,,,,,,,,,,,,,,,,,,,,,,,,
1714,Lee JY,2020,"Epidemiological and Clinical Characteristics of Coronavirus Disease 2019 in Daegu, South Korea.",10.1016/j.ijid.2020.07.017,https://www.ncbi.nlm.nih.gov/pubmed/32702415,1,"Two Coronavirus Disease 2019 (COVID-19) outbreaks simultaneously occurred at a church and a long-term care facility in Daegu, South Korea. This study aimed to investigate the epidemiological characteristics of COVID-19 and factors related to severe outcomes",1,2,,3,157,Daegu,0,1,0,0,1,0,1,0,80,694,,,9999,9999,9999,9999,0,0,0,1,0,,,,,,,,,,,,,,,,,,,,,,,,,,,
1723,Kirshblum SC,2020,Screening testing for SARS-CoV-2 upon admission to rehabilitation hospitals in a high COVID-19 prevalence community.,10.1002/pmrj.12454,https://www.ncbi.nlm.nih.gov/pubmed/32700434,1,To determine the prevalence of patients who test positive for SARS-CoV-2 but were  presumed to be COVID-19 negative at the time of admission to IRF in New Jersey,1,2,,9,181,New Jersey,0,1,0,1,1,0,1,,2,12,,,9999,9999,9999,9999,0,0,0,1,0,,,,,,,,,,,,,,,,,,,,,,,,,,,
1834,Yousaf AR,2020,A prospective cohort study in non-hospitalized household contacts with SARS-CoV-2 infection: symptom profiles and symptom change over time.,10.1093/cid/ciaa1072,https://www.ncbi.nlm.nih.gov/pubmed/32719874,1,To describe a cohort of household members who tested positive for SARS-CoV-2 following exposure to some else in their home with laboratory-confirmed infection.,1,6,,1,181,Utah,0,1,0,1,1,0,1,0,0,47,,,9999,9999,9999,9999,0,0,0,1,0,,,,,,,,,,,,,,,,,,,,,,,,,,,
1839,Cariani L,2020,"Time Length of Negativization and Cycle Threshold Values in 182 Healthcare Workers with Covid-19 in Milan, Italy: An Observational Cohort Study.",10.3390/ijerph17155313,https://www.ncbi.nlm.nih.gov/pubmed/32718008,1,"Our aims were to evaluate the time length of negativization from the onset of symptoms, and to evaluate variations of cycle threshold (CT) values and gene positivity (E, RdRP, and N genes) among positive individuals who returned to work.",1,7,,11,85,Milan,0,1,1,0,1,0,,0,32,182,,,9999,9999,9999,9999,0,1,0,0,0,,,,,,,,,,,,,,,,,,,,,,,,,,,
1886,Yang N,2020,In-flight transmission cluster of COVID-19: a retrospective case series.,10.1080/23744235.2020.1800814,https://www.ncbi.nlm.nih.gov/pubmed/32735163,1,To report an in-flight transmission cluster of COVID-19 and describe the clinical characteristics of these patients.,1,2,,3,40,Xiaoshan,1,1,0,0,1,0,1,0,2,10,,,1,1,26,9999,0,1,0,0,0,,,,,,,,,,,,,,,,,,,,,,,,,,,
1904,Pham QT,2020,The first 100 days of SARS-CoV-2 control in Vietnam.,10.1093/cid/ciaa1130,https://www.ncbi.nlm.nih.gov/pubmed/32738143,1,"We describe the control measures used by the Government and their relationship with imported and domestically-acquired case numbers, with the aim of  identifying the measures associated with successful SARS-CoV-2 control.",1,88,Outbreak investigation,3,185,NR,0,1,0,0,1,0,1,,89,208,,,9999,9999,31, 23-45,0,1,0,0,0,,,,,,,,,,,,,,,,,,,,,,,,,,,
1926,Smith E,2020,Testing for SARS-CoV-2 in care home staff and residents in English care homes: A service evaluation,10.1101/2020.08.04.20165928,https://www.medrxiv.org/content/10.1101/2020.08.04.20165928v1?rss=1',1,To evaluate a nurse-led Enhanced Care Home Team (ECHT) enhanced SARS-CoV-2 ,1,88,nursing home residents,9,180,Norfolk,0,1,0,1,1,0,,0,42,103,,,9999,9999,9999,9999,0,0,0,1,0,,,,,,,,,,,,,,,,,,,,,,,,,,,
1929,Kutsuna S,2020,"SARS-CoV-2 Screening Test for Japanese Returnees From Wuhan, China, January 2020.",10.1093/ofid/ofaa243,https://www.ncbi.nlm.nih.gov/pubmed/32754627,1,"to evaluate the effectiveness of questionnaire, symptoms-based screening, and polymerase chain reaction (PCR) screening of returnees from  COVID-19-endemic areas on a chartered flight",1,88,Traveller and Evacuee from the affected area,10,87,Tokyo ,0,1,1,0,1,0,1,,3,11,,,1,2,9999,9999,0,1,0,0,0,,,,,,,,,,,,,,,,,,,,,,,,,,,
1960,Tanacan A,2020,The rate of SARS-CoV-2 positivity in asymptomatic pregnant women admitted to hospital for delivery: Experience of a pandemic center in Turkey,10.1016/j.ejogrb.2020.07.051,https://doi.org/10.1016/j.ejogrb.2020.07.051,1,To investigate the rate of severe acute respiratory syndrome coronavirus 2 (SARS-CoV-2) positivity in asymptomatic pregnant women admitted to hospital for delivery in a Turkish pandemic center.,1,2,,9,174,Ankara ,0,0,1,0,1,0,1,,0,3,,,9999,9999,9999,9999,0,1,0,0,0,,,,,,,,,,,,,,,,,,,,,,,,,,,
2001,Ren X,2020,Evidence for pre-symptomatic transmission of coronavirus disease 2019 (COVID-19) in China.,10.1111/irv.12787,https://www.ncbi.nlm.nih.gov/pubmed/32767657,1,We analysed 64 clusters to make inferences on serial interval and potential role of pre-symptomatic transmission.,1,6,,1,40,Outside of Hubei,1,0,0,0,0,1,,,,,,,,,,,0,0,0,0,0,0,"of 80 pairs identified, pre?symptomatic transmission occurred in 9 pairs, post?symptomatic transmission occurred in 16 pairs, and in the remaining 55 pairs, transmission could have occurred either before or after the corresponding infector's illness onset date. In these 55 pairs, we used Monte Carlo simulations based on the incubation period distribution described above to estimate that 23/55 of transmission events had greater than 50% chance to be pre?symptomatic transmissions. Thus, in total we infer that 32/80 (40%) of the observed transmission events were likely or very likely to have occurred prior to the onset of symptoms in the infector.    The authors mentioned the following about the estimations on pre-symptomatic transmission:""we estimated that pre-symptomatic  transmission was likely to have occurred in up to 40% of the 80 transmission  events in our data set."" ",,,,,,,,,,,,,,,,,,Throughout China outside Hubei,,,,0.4,,,
2034,Chun JY,2020,Transmission onset distribution of COVID-19.,10.1016/j.ijid.2020.07.075,https://www.ncbi.nlm.nih.gov/pubmed/32771633,1,"to estimate the transmission onset  distribution relative to the symptom onset, using robust epidemiologic data of infector-infectee pairs in South Korea.",1,6,,1,157,None,0,1,0,0,0,1,,,,,,,,,,,0,0,0,0,0,0,"The pre-symptomatic transmission  proportion was 37% (95% credible interval [CI], 16-52%). The median incubation period was estimated to be 2.87 days (95% CI, 2.33-3.50 days), and the median serial interval to be 3.56 days (95% CI, 2.72-4.44  days).",,,,,,,,,,,,,,,,,,"Government data,  linked  clusters  such as religious groups, hospitals, or long-term healthcare facilities in South Korea ",9999,9999,9999,0.37,0.16,0.52,
2051,Starling A,2020,Whole Care Home Testing for Covid-19 in a Local Authority Area in the United Kingdom,10.1101/2020.08.06.20162859,https://www.medrxiv.org/content/10.1101/2020.08.06.20162859v1?rss=1',1,To describe the point prevalence of SARS-CoV-2 in care homes reporting low numbers of cases of COVID-19.,1,88,Whole Care Homes,9,180,Essex,0,1,0,1,1,0,1,0,29,31,,,9999,9999,9999,9999,0,0,0,1,0,,,,,,,,,,,,,,,,,,,,,,,,,,,
2054,Eythorsson E,2020,Clinical spectrum of coronavirus disease 2019 in Iceland: population based cohort study.,10.1136/bmj.m4529,https://www.ncbi.nlm.nih.gov/pubmed/33268329,1,Description of the analysis of prospectively collected data on all SARS-CoV-2-positive patients in Iceland and characterize the epidemiology and full clinical spectrum of COVID-19 in a nationwide cohort,1,88,National cohort including targeted testing and random sample,10,78,NR,0,1,0,1,1,0,1,0,25,178,,,9999,9999,9999,9999,0,0,0,1,0,,,,,,,,,,,,,,,,,,,,,,,,,,,
2091,Luo L2,2020,"Contact Settings and Risk for Transmission in 3410 Close Contacts of Patients With COVID-19 in Guangzhou, China: A Prospective Cohort Study.",10.7326/M20-2671,https://www.ncbi.nlm.nih.gov/pubmed/32790510,1,To evaluate the risk for transmission of SARS-CoV-2 to close contacts in different settings.,1,2,,1,40, Guangzhou,1,0,0,1,1,0,1,0,8,127,,,9999,9999,9999,9999,0,0,0,1,0,,,,,,,,,,,,,,,,,,,,,,,,,,,
2103,Plucinski,2020,COVID-19 in Americans aboard the Diamond Princess cruise ship.,10.1093/cid/ciaa1180,https://www.ncbi.nlm.nih.gov/pubmed/32785683,1,"We conducted an investigation to describe clinical manifestations, transmission dynamics, and risk factors for SARS-CoV-2 among Americans on the Diamond Princess cruise ship.",1,1,,3,87,NA,0,1,0,0,1,0,1,,14,66,,,9999,9999,9999,9999,0,0,0,1,0,,,,,,,,,,,,,,,,,,,,,,,,,,,
2218,Kittang BR,2020,Outbreak of COVID-19 at three nursing homes in Bergen.,10.4045/tidsskr.20.0405,https://www.ncbi.nlm.nih.gov/pubmed/32815356,1,"Here we describe three outbreaks of COVID-19 in long-term wards at nursing homes in  Bergen municipality in the period 19 March to 25 April 2020. The purpose of the study was to  identify the COVID-19 infection pathways, course of disease and resident mortality rates.",1,88,Nursing homes,3,128,Bergen,1,1,0,0,1,0,1,0,0,40,,,9999,9999,9999,9999,0,0,1,0,0,,,,,,,,,,,,,,,,,,,,,,,,,,,
2231,Chamie G,2020,SARS-CoV-2 Community Transmission disproportionately affects Latinx population during Shelter-in-Place in San Francisco.,10.1093/cid/ciaa1234,https://www.ncbi.nlm.nih.gov/pubmed/32821935,1,"To estimate the point prevalence and cumulative incidence of infection, determine risk factors for ongoing vs prior infection, and characterize ongoing transmission and viral strain diversity  with phylogenetic analyses, we offered population-based, universal polymerase chain reaction (PCR) and antibody testing for SARS-CoV-2 infection, regardless of symptoms, to all residents of a densely populated census tract within a majority Latinx community in San Francisco.",1,88,Community,10,181,San Francisco,0,1,0,1,1,0,1,0,23,81,,,9999,9999,9999,9999,0,1,0,0,0,,,,,,,,,,,,,,,,,,,,,,,,,,,
2249,Corcorran MA,2020,"Prolonged Persistence of PCR-detectable Virus During an Outbreak of SARS-CoV-2 in an Inpatient Geriatric Psychiatry Unit in King County, Washington.",10.1016/j.ajic.2020.08.025,https://www.ncbi.nlm.nih.gov/pubmed/32827597,1,"We describe key characteristics, interventions, and outcomes of a SARS-CoV-2 outbreak  within an inpatient geriatric psychiatry unit at the University of Washington Medical Center ? Northwest (UWMC ? NW)",1,88,Neuropsychiatric Center ,3,181,Washington ,0,1,1,0,1,0,1,0,3,8,,,9999,9999,9999,9999,0,0,0,1,0,,,,,,,,,,,,,,,,,,,,,,,,,,,
2325,Emery JC,2020,The contribution of asymptomatic SARS-CoV-2 infections to transmission on the Diamond Princess cruise ship.,10.7554/eLife.58699,https://www.ncbi.nlm.nih.gov/pubmed/32831176,1,"We used a transmission model with asymptomatic and presymptomatic states,  calibrated to data on disease onset and test frequency from the Diamond Princess cruise ship outbreak, to quantify the contribution of asymptomatic infections to transmission",1,3,,4,40,Diamond Princess Cruise Ship ,0,1,0,0,0,1,,,,,,,,,,,0,0,0,0,0,0,"he model  estimated that 74% (70-78%, 95% posterior interval) of infections proceeded asymptomatically.  Despite intense testing, 53% (51-56%) of infections remained undetected, most of them  asymptomatic. Asymptomatic individuals were the source for 69% (20-85%) of all infections. The  data did not allow identification of the infectiousness of asymptomatic infections, however low  ranges (0-25%) required a net reproduction number for individuals progressing through  presymptomatic and symptomatic stages of at least 15. Asymptomatic SARS-CoV-2 infections may  contribute substantially to transmission. Control measures, and models projecting their potential  impact, need to look beyond the symptomatic cases if they are to understand and address ongoing transmission.",,,,,,,,,,,,,,,,,,Diamond Princess Cruiseship,0.69,0.2,0.85,9999,9999,9999,
2470,Pirnay JP,2020,"Study of a SARS-CoV-2 Outbreak in a Belgian Military Education and Training Center in Maradi, Niger.",10.3390/v12090949,https://www.ncbi.nlm.nih.gov/pubmed/32867108,1,A retrospective epidemiological study was conducted to identify possible origins and routes of spread ,3,3,,3,19,NR,1,0,0,0,1,0,1,0,4,9,,,0,4,34.5,24-44.5,0,1,0,0,0,,,,,,,,,,,,,,,,,,,,,,,,,,,
2528,Marossy A,2020,A study of universal SARS-CoV-2 RNA testing of residents and staff in a large group of care homes in South London.,10.1093/infdis/jiaa565,https://www.ncbi.nlm.nih.gov/pubmed/32889532,1,"to understand the scale of infection amongst staff and residents, assess the level of asymptomatic infection and institute appropriate infection prevention and control measures in a timely fashion",1,88,care homes ,9,180,London,0,1,1,0,1,0,1,0,46,67,,,9999,9999,9999,9999,0,0,0,0,1,,,,,,,,,,,,,,,,,,,,,,,,,,,
2650,Stock AD,2020,COVID-19 Infection Among Healthcare Workers: Serological Findings Supporting Routine Testing,10.3389/fmed.2020.00471,https://doi.org/10.3389/fmed.2020.00471,1,"To determine the prevalence of asymptomatic SARS-CoV-2 infection amongst healthcare workers, we studied frontline staff working in the Montefiore Health System in New York City. All participants were asymptomatic at the time of testing and were tested by   COVID-19 Infection Among Healthcare Workers.",3,7,,11,181,New York City,1,1,0,0,1,0,,0,6,19,,,9999,9999,9999,9999,0,1,0,0,0,,,,,,,,,,,,,,,,,,,,,,,,,,,
2774,Viñuela MC,2020,SARS-CoV-2 screening of asymptomatic women admitted for delivery must be performed with a combination of microbiological techniques: an observational study.,10.37201/req/088.2020,https://www.ncbi.nlm.nih.gov/pubmed/32945157,1,"The aim of this study was to describe the results of systematic SARS-CoV-2 infection surveillance, using both RT-PCR and detection of antibodies in 100 asymptomatic women consecutively  admitted for delivery in our center.",3,2,,9,160,Madrid,0,0,1,0,1,0,1,0,8,8,,,8,0,32,9999,0,1,0,0,0,,,,,,,,,,,,,,,,,,,,,,,,,,,
2802,Bender WR,2020,Universal Testing for SARS-CoV-2 in Two Philadelphia Hospitals: Carrier Prevalence and Symptom Development Over Two Weeks.,10.1016/j.ajogmf.2020.100226,https://www.ncbi.nlm.nih.gov/pubmed/32954248,1,"The objectives of this study are to  describe the prevalence of positive  SARS-CoV-2 test results at the time of  admission for delivery among asymptomatic  pregnant women in Philadelphia  within 2 large academic hospitals,  characterize the inhospital clinical  course for those who had a positive  result, and report the development of  viral symptoms in all women tested for  SARS-CoV-2 2 weeks after hospital  discharge.",1,2,,9,181,"Philadelphia, PA",0,1,0,1,1,0,1,0,6,8,,,6,0,9999,9999,0,1,0,0,0,,,,,,,,,,,,,,,,,,,,,,,,,,,
2826,Taylor J,2020,"Serial Testing for SARS-CoV-2 and Virus Whole Genome Sequencing Inform Infection Risk at Two Skilled Nursing Facilities with COVID-19 Outbreaks - Minnesota, April-June 2020.",10.15585/mmwr.mm6937a3,https://www.ncbi.nlm.nih.gov/pubmed/32966272,1,Descriptive analysis of two skilled nursing facilities (SNFs)  experiencing COVID-19 outbreaks in Minnesota during April-June 2020.,1,88, skilled nursing facilities ,3,181,Minnesota ,0,1,0,1,1,0,2,0,9,99,7,127,9999,9999,9999,9999,0,0,0,1,0,,,,,,,,,,,,,,,,,,,,,,,,,,,
2892,Kennelly SP,2020,Asymptomatic carriage rates and case-fatality of SARS-CoV-2 infection in residents and staff in Irish nursing homes.,10.1093/ageing/afaa220,https://www.ncbi.nlm.nih.gov/pubmed/32986806,1,"To examine characteristics of NHs across three Irish Community Health Organisations (CHOs) in Dublin/Eastern Ireland, the proportion with COVID-19 outbreaks, symptom profile for staff and residents and resident mortality rates.",1,88,Nursing homes,3,83,NR,0,1,0,0,1,0,2,0,193,710,97,395,9999,9999,9999,9999,0,0,0,0,1,,,,,,,,,,,,,,,,,,,,,,,,,,,
2907,Shi SM,2020,"Risk Factors, Presentation, and Course of Coronavirus Disease 2019 in a Large, Academic Long-Term Care Facility.",10.1016/j.jamda.2020.08.027,https://www.ncbi.nlm.nih.gov/pubmed/32981664,1,"The objective of this study was to describe the presenting clinical characteristics and outcomes of long-term care residents affected by COVID-19 in a large, academic long-term care facility. Further, we described variation in the prevalence of COVID-19 infection across units, and we identified patient and staff characteristics associated with COVID-19 infection.",1,88,Long-term care facility,9,181,"Boston, MA",0,1,0,1,1,0,1,0,21,146,,,9999,9999,9999,9999,0,0,1,0,0,,,,,,,,,,,,,,,,,,,,,,,,,,,
2909,AbdulRahman A,2020,COVID-19 and Sickle Cell Disease in Bahrain.,10.1016/j.ijid.2020.09.1433,https://www.ncbi.nlm.nih.gov/pubmed/32980556,1,This study was undertaken to determine if patients with sickle cell disease are a high-risk group (for COVID-19).,1,88,Mass population screening,10,15,NR,0,1,1,0,1,0,1,0,3,6,,,0,3,25,9999,0,1,0,0,0,,,,,,,,,,,,,,,,,,,,,,,,,,,
2932,Berghoff AS,2020,"SARS-CoV-2 RNA testing in cancer patients treated at a Department of Medical Oncology in Vienna, Austria",10.1016/j.annonc.2020.08.1756,https://doi.org/10.1016/j.annonc.2020.08.1756,1,To compare SARS-CoV-2 infection and course of COVID-19 in cancer patients with controls.,1,2,,9,11,Vienna,1,1,1,0,1,0,1,0,2,4,,,9999,9999,53,43-63,0,1,0,0,0,,,,,,,,,,,,,,,,,,,,,,,,,,,
2987,Edelstein M,2020,"SARS-CoV-2 infection in London, England: changes to community point prevalence around lockdown time, March-May 2020.",10.1136/jech-2020-214730,https://www.ncbi.nlm.nih.gov/pubmed/33004659,1,"We assessed COVID-19 point prevalence in London between early April and early May 2020, which approximately reflect infection around the time of the lockdown and 3-5 weeks into lockdown.",1,88,Community,10,180,London,0,0,1,1,1,0,1,,4,20,,,9999,9999,9999,9999,0,0,0,1,0,,,,,,,,,,,,,,,,,,,,,,,,,,,
3074,Chaw L,2020,"Analysis of SARS-CoV-2 Transmission in Different Settings, Brunei.",10.3201/eid2611.202263,https://www.ncbi.nlm.nih.gov/pubmed/33035448,1,"because SARS-CoV-2 is a novel infection in a naive population, an outbreak investigation of this event can provide insights into its transmission dynamics and the effectiveness of outbreak control measures. Brunei's thorough contact tracing provides a rare opportunity to study the epidemiologic and transmission characteristics of SARS-CoV-2 in different community settings.",1,6,,2,28,none,1,0,1,0,0,1,,,,,,,,,,,0,0,0,0,0,1,We extracted the information reported in the supplementary table.     Risk ratio calculated by simple log-binomial regression.    Symptomatic RR: 0.98 (0.30-3.17) ,3;106,1.02,9999,9999,9999,9999,12;585,74,9999,9999,9999,9999,9999,9999,9999,9999,28;1010,,,,,,,,
3273,Romao VC,2020,A COVID-19 Outbreak in a Rheumatology Department Upon the Early Days of the Pandemic,10.3389/fmed.2020.576162,https://pubmed.ncbi.nlm.nih.gov/33102507/,1,"We aim to describe our experience with a COVID-19 outbreak within our department, upon the initial weeks of the pandemic, highlighting clinical, virological, and immunological outcomes of HCWs and RMD patients.",1,2,,3,138,Lisbon,0,0,1,0,1,0,1,,0,14,,,9999,9999,9999,9999,0,1,0,0,0,,,,,,,,,,,,,,,,,,,,,,,,,,,
3299,White EM,2020,Asymptomatic and Presymptomatic Severe Acute Respiratory Syndrome Coronavirus 2 Infection Rates in a Multistate Sample of Skilled Nursing Facilities.,10.1001/jamainternmed.2020.5664,https://www.ncbi.nlm.nih.gov/pubmed/33074318,1,We examined asymptomatic and presymptomatic infection rates in a large multistate sample of US SNFs and examined variation in case counts by  SARS-CoV-2 prevalence in the counties where SNFs are located,1,88,Nursing facilities ,9,181,NR,0,1,0,1,1,0,1,,2194,5403,,,9999,9999,9999,9999,0,0,0,0,1,,,,,,,,,,,,,,,,,,,,,,,,,,,
3359,Aslam A,2020,SARS CoV-2 Surveillance and Exposure in the Perioperative Setting with Universal testing and Personal Protective Equipment (PPE) Policies.,10.1093/cid/ciaa1607,https://www.ncbi.nlm.nih.gov/pubmed/33090210,1,This report summarizes a single-center experience with pre-procedure testing as the COVID-19 epidemic evolved in NYC.,1,2,,9,181,New York,0,1,0,1,1,0,1,,38,65,,,9999,9999,9999,9999,0,0,0,0,1,,,,,,,,,,,,,,,,,,,,,,,,,,,
3572,Hurst JH,2020,SARS-CoV-2 Infections Among Children in the Biospecimens from Respiratory Virus-Exposed Kids (BRAVE Kids) Study.,10.1093/cid/ciaa1693,https://www.ncbi.nlm.nih.gov/pubmed/33141180,1,"We describe risk factors, clinical manifestations, and nasopharyngeal viral loads of SARS-CoV-2 infection  among 382 children and adolescents living within the catchment area of a health system in central North  Carolina, constituting the largest non-hospitalized pediatric cohort described to date.",1,6,,1,181,North Carolina,0,1,0,0,1,0,1,,87,293,,,9999,9999,9999,9999,1,0,0,0,0,,,,,,,,,,,,,,,,,,,,,,,,,,,
3622,Malagón-Rojas J,2020,"SARS-CoV-2 and RT-PCR in asymptomatic patients: Results of a cohort of workers at El Dorado International Airport in Bogotá, 2020",10.7705/biomedica.5802,https://www.ncbi.nlm.nih.gov/pubmed/33152200,1," To describe the behavior of asymptomatic SARS-CoV-2 virus infection in a  cohort of workers at the El Dorado ""Luis Carlos Galán Sarmiento"" International Airport in  Bogotá, Colombia.",3,88,Workers in an airport ,11,41,Bogota ,0,1,0,1,1,0,1,,11,35,,,9999,9999,9999,9999,0,1,0,0,0,,,,,,,,,,,,,,,,,,,,,,,,,,,
3624,Grijalva CG,2020,"Transmission of SARS-COV-2 Infections in Households - Tennessee and Wisconsin, April-September 2020.",10.15585/mmwr. mm6944e1,https://www.ncbi.nlm.nih.gov/pubmed/33151916,1,"To assess household transmission, a  case-ascertained study was conducted in Nashville, Tennessee, and Marshfield, Wisconsin,",1,6,,2,181,Tennessee and Wisconsin,0,1,0,0,1,0,1,,34,102,,,9999,9999,9999,9999,0,0,0,1,0,,,,,,,,,,,,,,,,,,,,,,,,,,,
3674,Al-Qahtani M,2020,The prevalence of asymptomatic and symptomatic COVID19 disease in a cohort of quarantined subjects.,10.1016/j.ijid.2020.10.091,https://www.ncbi.nlm.nih.gov/pubmed/33157290,1,Asymptomatic SARS-CoV-2 infection development and progression was investigated in subjects undergoing mandatory quarantine on airport arrival.,1,3,,10,15,NR,0,1,1,1,1,0,1,0,116,188,,,9999,9999,9999,9999,0,0,0,0,1,,,,,,,,,,,,,,,,,,,,,,,,,,,
3719,Ladhani SN,2020,"High prevalence of SARS-CoV-2 antibodies in care homes affected by COVID-19: Prospective cohort study, England",10.1016/j.eclinm.2020.100597,https://doi.org/10.1016/j.eclinm.2020.100597,1,"To estimate SARS-CoV2 seropositivity and neutralising antibodies in care home residents  and staff of care homes experiencing a COVID-19 outbreak and assess  any association with age, symptoms and SARS-CoV-2 reverse transcription polymerase chain reaction (RT-PCR) positivity",3,88,Nursing/care homes ,3,180,London,0,1,0,1,1,0,2,0,46,105,26,53,9999,9999,9999,9999,0,0,0,1,0,,,,,,,,,,,,,,,,,,,,,,,,,,,
3721,Letizia AG,2020,SARS-CoV-2 Transmission among Marine Recruits during Quarantine.,10.1056/NEJMoa2029717,https://www.ncbi.nlm.nih.gov/pubmed/33176093,1,"To evaluate the effectiveness of these measures,  SARS-CoV-2 infections with serial real-time quantitative polymerase-chain-reaction (qPCR) assays was measured  and events of virus transmission by means of phylogenetic analysis of viral genomes obtained from infected participants were assessed.",1,3,,11,181,South Carolina,1,1,0,0,1,0,1,0,46,51,,,9999,9999,9999,9999,0,1,0,0,0,,,,,,,,,,,,,,,,,,,,,,,,,,,
3722,Kasper MR,2020,An Outbreak of Covid-19 on an Aircraft Carrier.,10.1056/NEJMoa2019375,https://www.ncbi.nlm.nih.gov/pubmed/33176077,1,"To provide insights into the epidemiology and outcomes of SARS-CoV-2 infection in healthy, fit, military-aged adults who are housed in close quarters.",1,1,,3,181,NR,0,1,0,1,1,0,1,0,572,1271,,,9999,9999,9999,9999,0,1,0,0,0,,,,,,,,,,,,,,,,,,,,,,,,,,,
3921,Adhikari EH,2020,Pregnancy Outcomes Among Women With and Without Severe Acute Respiratory Syndrome Coronavirus 2 Infection.,10.1001/jamanetworkopen.2020.29256,https://www.ncbi.nlm.nih.gov/pubmed/33211113,1,"to evaluate adverse outcomes associated with severe acute respiratory syndrome  coronavirus 2 (SARS-CoV-2) infection in pregnancy and to describe clinical management, disease progression, hospital admission, placental abnormalities, and neonatal outcomes",1,2,,9,181,Texas ,0,1,0,1,1,0,1,,98,252,,,98,0,9999,9999,0,1,0,0,0,,,,,,,,,,,,,,,,,,,,,,,,,,,
3951,Cao S,2020,"Post-lockdown SARS-CoV-2 nucleic acid screening in nearly ten million residents of Wuhan, China",10.1038/s41467-020-19802-w,https://doi.org/10.1038/s41467-020-19802-w,1,"To describe a city-wide SARS-CoV-2  nucleic acid screening programme between May 14 and June 1, 2020. ",3,88,Citywide screening,10,40,Wuhan,1,0,1,0,1,0,1,0,300,300,,,168,132,9999,9999,0,0,0,1,0,,,,,,,,,,,,,,,,,,,,,,,,,,,
4045,Migisha R,2020,Early cases of SARS-CoV-2 infection in Uganda: epidemiology and lessons learned from risk-based testing approaches - March-April 2020.,10.1186/s12992-020-00643-7,https://www.ncbi.nlm.nih.gov/pubmed/33239041,1,(We) describe the interventions in place and the characteristics of and transmission from the first 54 case-persons to provide guidance for near-future interventions against SARS-CoV-2 spread in Uganda.,1,3,,10,176,NR,0,1,0,1,1,0,1,0,20,54,,,9999,9999,9999,9999,0,1,0,0,0,,,,,,,,,,,,,,,,,,,,,,,,,,,
4090,Shi Q,2020,"Effective control of SARS-CoV-2 transmission in Wanzhou, China.",10.1038/s41591-020-01178-5,https://www.ncbi.nlm.nih.gov/pubmed/33257893,1,"The effectiveness of control measures to contain coronavirus disease 2019 (COVID-19) in Wanzhou, China was assessed.  Epidemiological data were analyzed for 183 confirmed COVID-19 cases and their close contacts from five generations of  transmission of severe acute respiratory syndrome coronavirus 2 throughout the entire COVID-19 outbreak in Wanzhou.",1,6,,1,40,Wanzhou District ,0,0,1,0,1,0,1,,60,183,,,9999,9999,9999,9999,0,0,0,0,1,,,,,,,,,,,,,,,,,,,,,,,,,,,
4140,Ghinai I,2020,"Risk Factors for Severe Acute Respiratory Syndrome Coronavirus 2 Infection in Homeless Shelters in Chicago, Illinois-March-May, 2020.",10.1093/ofid/ofaa477,https://www.ncbi.nlm.nih.gov/pubmed/33263069,1,We performed widespread severe acute respiratory syndrome coronavirus 2 (SARS-CoV-2) polymerase chain reaction testing and collected risk factor information at all homeless shelters in Chicago,1,88,Homeless shelters,9,181,Chicago,0,1,0,1,1,0,,0,293,406,,,9999,9999,9999,9999,0,1,0,0,0,,,,,,,,,,,,,,,,,,,,,,,,,,,
4154,Wadhwa A,2020,"Identification of presymptomatic and asymptomatic cases using cohort-based testing approaches at a large correctional facility - Chicago, Illinois, USA, May 2020.",10.1093/cid/ciaa1802,https://www.ncbi.nlm.nih.gov/pubmed/33270101,1,We aimed to evaluate cohort-based testing among detained persons exposed to laboratory-confirmed cases of severe acute respiratory syndrome coronavirus 2 (SARS-CoV-2) in order to identify presymptomatic and asymptomatic cases.,1,88,Correctional Facility,9,181,Chicago,0,1,0,0,1,0,,0,6,17,,,9999,9999,9999,9999,0,1,0,0,0,,,,,,,,,,,,,,,,,,,,,,,,,,,
4200,Balestrini S,2020,Clinical outcomes of COVID-19 in long-term care facilities for people with epilepsy.,10.1016/j.yebeh.2020.107602,https://www.ncbi.nlm.nih.gov/pubmed/33279440,1,"In this cohort study, we aim to compare outcomes from coronavirus disease 2019 (COVID-19) in people with severe epilepsy and other co-morbidities living in long-term care facilities which all implemented  early preventative measures, but different levels of surveillance.",1,88,Long-term care facility ,9,180,London,0,0,1,0,1,0,1,,11,17,,,9999,9999,9999,9999,0,0,0,1,0,,,,,,,,,,,,,,,,,,,,,,,,,,,
4265,Redditt V,2020,"Outbreak of SARS-CoV-2 infection at a large refugee shelter in Toronto, April 2020: a clinical and epidemiologic descriptive analysis.",10.9778/cmajo.20200165,https://www.ncbi.nlm.nih.gov/pubmed/33293331,1,To report the clinical and epidemiologic features of a COVID-19 outbreak at one of the largest refugee shelters in Toronto. ,1,88,Refugee shelter ,3,34,Toronto ,0,1,0,1,1,0,1,,3,24,,,9999,9999,9999,9999,0,1,0,0,0,,,,,,,,,,,,,,,,,,,,,,,,,,,
4391,Park JH,2020,COVID-19 Outbreak and Presymptomatic Transmission in Pilgrim Travelers Who Returned to Korea from Israel.,10.3346/jkms.2020.35.e424,https://www.ncbi.nlm.nih.gov/pubmed/33316860,1," to investigate the source of their infection and the clinical features of COVID-19.In addition, follow-up real-time reverse transcription polymerase chain reaction (RT-PCR) tests to detect SARS-CoV-2 were  conducted to evaluate the transmission potential of presymptomatic and asymptomatic cases.",1,3,,3,157,NR,1,1,0,0,1,0,,,4,28,,,9999,9999,9999,9999,0,1,0,0,0,,,,,,,,,,,,,,,,,,,,,,,,,,,
4407,Hcini N,2020,"Maternal, fetal and neonatal outcomes of large series of SARS-CoV-2 positive pregnancies in peripartum period: A single-center prospective comparative study.",10.1016/j.ejogrb.2020.11.068,https://www.ncbi.nlm.nih.gov/pubmed/33310656,1,"The aims of this study were to describe the proportions of asymptomatic, mild and severe diseases in infected pregnant women admitted for delivery; and to compare maternal, fetal and  neonatal outcomes of SARS-CoV-2 infected pregnant women with  those of non-infected patients.",3,2,,9,63,West French Guiana territory,0,1,0,1,1,0,1,0,87,137,,,87,0,9999,9999,0,1,0,0,0,,,,,,,,,,,,,,,,,,,,,,,,,,,
4479,Harada S,2020,Control of a Nosocomial Outbreak of COVID-19 in a University Hospital.,10.1093/ofid/ofaa512,https://www.ncbi.nlm.nih.gov/pubmed/33330740,1,"To describe an outbreak of COVID-19  in Keio University Hospital, Japan, and its control and propose effective control measures",1,2,,3,87,Tokyo ,0,1,0,1,1,0,2,,8,24,25,49,9999,9999,9999,9999,0,0,0,1,0,,,,,,,,,,,,,,,,,,,,,,,,,,,
4663,Mahajan NN,2020,Co-infection of malaria and early clearance of SARS-CoV-2 in healthcare workers.,10.1002/jmv.26760,https://www.ncbi.nlm.nih.gov/pubmed/33368412,1,"The objective of the study was to estimate the  prevalence, understand demographic characteristics and clinical presentations among HCWs with COVID?19 and compare the viral  clearance between symptomatic and asymptomatic SARS?CoV?2 infection. We also aimed to study the impact of malaria co?infection on the virus clearance in HCWs with COVID?19.",1,7,,11,79,Mumbai,0,0,1,0,1,0,1,0,58,467,,,9999,9999,9999,9999,0,1,0,0,0,,,,,,,,,,,,,,,,,,,,,,,,,,,
4674,Alshahrani MS,2020,Prevalence of the SARS-CoV-2 Infection Among Post-Quarantine Healthcare Workers.,10.2147/JMDH.S279469,https://www.ncbi.nlm.nih.gov/pubmed/33363380,1,The objective of the study is to estimate the prevalence of severe acute respiratory syndrome- coronavirus 2 (SARS-CoV-2) infection among health care workers (HCWs) post quarantine period.,1,2,,11,146,Alkhobar,0,0,1,0,1,0,1,0,12,18,,,9999,9999,9999,9999,0,1,0,0,0,,,,,,,,,,,,,,,,,,,,,,,,,,,
4866,Hogan CA,2021,Large-scale testing of asymptomatic healthcare personnel for severe acute respiratory syndrome coronavirus 2,10.3201/EID2701.203892,https://doi.org/10.3201/EID2701.203892,1,"In this study, we assessed the prevalence of SARS-CoV-2 infection through mass real-time reverse transcription PCR (rRT-PCR) and IgG testing of asymptomatic HCP and describe the clinical and laboratory characteristics of infected persons",1,7,,11,181,California,0,1,0,1,1,0,1,,20,38,,,13,7,41,32.5-47,0,1,0,0,0,,,,,,,,,,,,,,,,,,,,,,,,,,,
4880,Ferreira VH,2021,Prospective observational study and serosurvey of SARS-CoV-2 infection in asymptomatic healthcare workers at a Canadian tertiary care center.,10.1371/journal.pone.0247258,https://www.ncbi.nlm.nih.gov/pubmed/33592074,1,"The purpose  of our current study was to understand the prevalence of asymptomatic SARS-CoV-2  infection in HCWs in a large Canadian tertiary care center in order to determine the potential  benefits of asymptomatic HCW screening in hospital settings. This was done by a) screening  asymptomatic patients with SARS-CoV-2 PCR and b) performing a serosurvey on a subset of  asymptomatic HCWs. As a secondary objective, we sought to validate a novel SARS-CoV-2  protein microarray against commercial serologic assays.",1,7,,11,34,Toronto,0,1,0,1,1,0,1,0,5,9,,,5,0,33,4.75,0,0,0,0,1,,,,,,,,,,,,,,,,,,,,,,,,,,,
4885,Jones A,2021,"Assessment of Day-7 Postexposure Testing of Asymptomatic Contacts of COVID-19 Patients to Evaluate Early Release from Quarantine - Vermont, May-November 2020.",10.15585/mmwr.mm7001a3,https://www.ncbi.nlm.nih.gov/pubmed/33411700,1,"During May 8-November 16, VDH identified 8,798 exposed contacts of COVID-19 patients; 3,983 (45%) had sought testing within  14 days of their exposure, with day 0 defined as the date of last exposure noted in the case investigation record",1,6,,2,181,Vermont,1,1,0,0,1,0,1,0,24,87,,,9999,9999,9999,9999,0,0,0,0,1,,,,,,,,,,,,,,,,,,,,,,,,,,,
4968,van Buul LW,2020,Asymptomatic Cases and Limited Transmission of SARS-CoV-2 in Residents and Healthcare Workers in Three Dutch Nursing Homes.,10.1177/2333721420982800,https://www.ncbi.nlm.nih.gov/pubmed/33426178,1,We aimed to assess the contribution of a- and presymptomatic residents and healthcare workers in transmission of SARS-CoV-2 in nursing homes,1,88,Nursing homes ,9,121,NR,0,1,0,1,1,0,2,,3,16,0,9,9999,9999,9999,9999,0,0,0,1,0,,,,,,,,,,,,,,,,,,,,,,,,,,,
5066,Green R,2021,COVID-19 testing in outbreak free care homes: What are the public health benefits?,10.1016/j.jhin.2020.12.024,https://www.ncbi.nlm.nih.gov/pubmed/33453349,1,The aim was to describe the epidemiology and transmission of COVID-19 in outbreak free care homes.,1,88,care homes,9,180,Liverpool,0,1,0,1,1,0,1,,22,22,,,15,7,80,19-106,0,0,0,1,0,,,,,,,,,,,,,,,,,,,,,,,,,,,
5068,Varnell C,2021,COVID-19 in pediatric kidney transplantation: The Improving Renal Outcomes Collaborative.,10.1111/ajt.16501,https://www.ncbi.nlm.nih.gov/pubmed/33452854,1,We conducted a prospective cohort study through the Improving Renal  Outcomes Collaborative (IROC) to collect clinical outcome data about COVID-19 in  pediatric KT patients,1,2,,9,181,NR,0,1,0,0,1,0,1,0,5,10,,,9999,9999,9999,9999,0,0,0,1,0,,,,,,,,,,,,,,,,,,,,,,,,,,,
5086,Meyers KJ,2021,Follow-up of SARS-CoV-2 Positive Subgroup from the Asymptomatic novel CORonavirus iNfection (ACORN) Study.,10.1002/jmv.26810,https://www.ncbi.nlm.nih.gov/pubmed/33463731,1,"The Asymptomatic novel CORonavirus iNFection (ACORN) study was designed to study the prevalence of SARS?CoV?2 infection  in asymptomatic adults of the Indianapolis metropolitan area over a 6?week period between April 7 and May 9, 2020.    Here we report the final results from the ACORN observational study, with an emphasis on the longitudinal follow?up of initially  asymptomatic participants testing positive for SARS?CoV?2",1,88,Community-Metropolitan Area,10,181,Indianapolis ,0,1,0,1,1,0,1,,67,86,,,9999,9999,9999,9999,0,1,0,0,0,,,,,,,,,,,,,,,,,,,,,,,,,,,
5238,Pizarro-Sánchez MS,2021,Clinical Features of Asymptomatic SARS-CoV-2 Infection in Hemodialysis Patients.,10.1159/000512535,https://www.ncbi.nlm.nih.gov/pubmed/33503627,1,To analyze the clinical spectrum of COVID-19 on hemodialysis patients.    ,1,2,,9,160,Madrid,0,1,0,1,1,0,1,0,5,38,,,2,3,9999,9999,0,0,0,1,0,,,,,,,,,,,,,,,,,,,,,,,,,,,
5291,Tan-Loh J,2021,A descriptive analysis of clinical characteristics of COVID-19 among healthcare workers in a district specialist hospital.,,https://www.ncbi.nlm.nih.gov/pubmed/33510104,1,"The objectives of this paper are to gain a better understanding of the key presenting symptoms of COVID-19 in HCWs in a district specialist hospital, to establish the proportion of symptomatic COVID-19 cases among HCWs and its severity and to determine the time taken from onset of symptoms or perceived exposure to diagnostic testing.",1,2,,11,105,Teluk Intan,0,1,1,1,1,0,1,,6,46,,,9999,9999,9999,9999,0,1,0,0,0,,,,,,,,,,,,,,,,,,,,,,,,,,,
5355,Ren R,2021,"Asymptomatic SARS-CoV-2 Infections Among Persons Entering China From April 16 to October 12, 2020.",10.1001/jama.2020.23942,https://www.ncbi.nlm.nih.gov/pubmed/33528529,1,We assessed the proportion of international entrants to China with asymptomatic SARS-CoV-2 infection.,1,3,,10,40,NR,0,1,0,1,1,0,1,0,1612,3103,,,378,1234,9999,9999,0,1,0,0,0,,,,,,,,,,,,,,,,,,,,,,,,,,,
5406,Xie W,2021,Infection and disease spectrum in individuals with household exposure to SARS-CoV-2: A family cluster cohort study.,10.1002/jmv.26847,https://www.ncbi.nlm.nih.gov/pubmed/33538342,1,"The primary objective was to quantify exposure patterns, transmission characteristics, and the clinical spectrum of SARS?CoV?2 infection.",1,6,,1,40,Beijing,0,1,0,0,1,0,1,,4,53,,,9999,9999,9999,9999,0,1,0,0,0,,,,,,,,,,,,,,,,,,,,,,,,,,,
5478,Lalani T,2021,SARS-CoV-2 Infections and Serologic Responses Among Military Personnel Deployed on the USNS COMFORT to New York City During the COVID-19 Pandemic.,10.1093/ofid/ofaa654,https://www.ncbi.nlm.nih.gov/pubmed/33553482,1,"we conducted a cross-sectional, post-deployment study using serologic and PCR data to determine the proportion of crewmembers on the USNS COMFORT with COVID-19.",1,88,US Navy hospital ship,11,181,New York City,1,1,0,1,1,0,1,0,4,8,,,9999,9999,9999,9999,0,1,0,0,0,,,,,,,,,,,,,,,,,,,,,,,,,,,
5551,Vohra LM,2021,COVID-19 pandemic and breast cancer management: A retrospective observational clinical study from Pakistan.,10.1016/j.amsu.2021.01.099,https://www.ncbi.nlm.nih.gov/pubmed/33564461,1,Clinicopathological and treatment record of cancer patients who presented to the Breast Clinic from 15th March to 31st December 2020 was retrieved from the institutional database for this retrospective clinical observational study.,1,2,,9,130,NR,0,1,1,1,1,0,2,0,10,10,2,4,9999,9999,9999,9999,0,1,1,0,0,,,,,,,,,,,,,,,,,,,,,,,,,,,
5565,Rauch JN,2021,Comparison of Severe Acute Respiratory Syndrome Coronavirus 2 Screening Using Reverse Transcriptase-Quantitative Polymerase Chain Reaction or CRISPR-Based Assays in Asymptomatic College Students.,10.1001/jamanetworkopen.2020.37129,https://www.ncbi.nlm.nih.gov/pubmed/33570576,1,"To determine the prevalence of SARS-CoV-2 in asymptomatic participants in a  university community by using CREST (Cas13-based, rugged, equitable, scalable testing), a CRISPRbased  test developed for accessible and large-scale viral screening.",1,88,University Campus ,10,181,California ,0,1,0,1,1,0,1,0,2,6,,,9999,9999,9999,9999,0,1,0,0,0,,,,,,,,,,,,,,,,,,,,,,,,,,,
5567,Isoldi S,2021,"Comprehensive Clinic, Laboratory and Instrumental Evaluation of Children with COVID-19: A 6-Months Prospective Study.",10.1002/jmv.26871,https://www.ncbi.nlm.nih.gov/pubmed/33570199,1,"To perform a comprehensive clinic, laboratory, and instrumental evaluation of children affected by coronavirus disease (COVID?19).    ",1,2,,9,85,Rome,0,0,1,1,1,0,1,0,4,15,,,9999,9999,9999,9999,1,0,0,0,0,,,,,,,,,,,,,,,,,,,,,,,,,,,
5657,Haidar G,2021,Preprocedural SARS-CoV-2 Testing to Sustain Medically Needed Health Care Delivery During the COVID-19 Pandemic: A Prospective Observational Study.,10.1093/ofid/ofab022,https://academic.oup.com/ofid/article/8/2/ofab022/6103928,1,"Our objectives here are to describe the implementation of the screening initiative, address the extent to which it met our objectives, describe barriers encountered, and report temporal trends of preprocedural SARS-CoV-2 PCR positivity rates over an 8-month period during changes in COVID-19 incidence.",1,2,,9,181,Pennsylvania,0,1,0,1,1,0,1,0,9,11,,,6,3,54,74-31,0,1,1,0,0,,,,,,,,,,,,,,,,,,,,,,,,,,,
5665,Bender JK,2021,"Analysis of Asymptomatic and Presymptomatic Transmission in SARS-CoV-2 Outbreak, Germany, 2020.",10.3201/eid2704.204576,https://www.ncbi.nlm.nih.gov/pubmed/33600301,1,We determined secondary attack rates (SAR) among close contacts of 59 asymptomatic and symptomatic coronavirus disease case-patients by presymptomatic and symptomatic exposure. ,1,6,,1,67,NA,1,1,0,1,0,1,,,,,,,,,,,0,0,0,0,0,1,Only table 2 Other contacts SARlab can be extracted     Presymtomatic: 15 index 72 contacts 20.8% attract rate  Symptomatic: 2 index 29 contacts 6.9% attract rate   Note that risk ratio was calculated via 20.8/6.9 formula.    DB 17.12.2021 Numbers extracted with NL,26;0,,,,,,15;72,3.01,9999,9999,,,,,,,9;82,,,,,,,,
5751,Blain H,2021,"Atypical symptoms, SARS-CoV-2 test results, and immunization rates in 456 residents from eight nursing homes facing a COVID-19 outbreak.",10.1093/ageing/afab050,https://www.ncbi.nlm.nih.gov/pubmed/33620381,1,To determine whether (i) atypical symptoms may predict rRT-PCR results and (ii) rRT-PCR results may predict immunization against SARS-CoV-2 in NH residents.,1,88,Nursing home,9,62,,1,1,0,1,1,0,1,0,14,161,,,9999,9999,9999,9999,0,0,1,0,0,,,,,,,,,,,,,,,,,,,,,,,,,,,
5801,Marcus JE,2021,Risk Factors Associated With COVID-19 Transmission Among US Air Force Trainees in a Congregant Setting.,10.1001/jamanetworkopen.2021.0202,https://www.ncbi.nlm.nih.gov/pubmed/33630090,1,To determine whether symptoms and laboratory results on the first day of COVID-19 diagnosis are associated with development of a case cluster in a congregant setting.    ,1,88,military facility ,9,181,Texas,0,1,0,1,1,0,1,0,199,403,,,9999,9999,9999,9999,0,1,0,0,0,,,,,,,,,,,,,,,,,,,,,,,,,,,
5922,Uysal E,2021,Chest CT findings in RT-PCR positive asymptomatic COVID-19 patients,10.1016/j.clinimag.2021.01.030,https://doi.org/10.1016/j.clinimag.2021.01.030,1,This study aimed  to describe the CT findings of asymptomatic COVID-19 patients with RTPCR-confirmed infection. ,1,3,,10,174,NR,0,1,0,1,1,0,1,0,64,684,,,42,22,59.4 ± 12 (23-85) (mean and SD),59.4 ± 12 (23-85) (mean and SD),0,1,1,0,0,,,,,,,,,,,,,,,,,,,,,,,,,,,
5942,Rincon A,2020,The keys to control a COVID-19 outbreak in a haemodialysis unit,10.1093/CKJ/SFAA119,https://doi.org/10.1093/CKJ/SFAA119,1,The aim of this study was to analyse possible variables involved in SARS-CoV-2 transmission and the differences between symptomatic and asymptomatic SARS-CoV-2-positive  dialysis patients,1,2,,9,160,Barcelona,1,1,0,1,1,0,1,0,9,35,,,2,7,76.67 (mean),13.86 (SD),0,1,1,0,0,,,,,,,,,,,,,,,,,,,,,,,,,,,
6000,Martins Machado C,2020,Clinical characteristics and outcomes of COVID-19 in HSCT recipients,10.1182/blood-2020-141959,https://www.ncbi.nlm.nih.gov/pmc/articles/PMC8330389/,1,"We describe the main clinical findings and outcomes of SARS CoV-2 infection and COVID-19 in 22 HSCT recipients from two Brazilian HSCT centers, followed up for at least 14 days.",1,2,,9,27,NR,0,1,0,1,1,0,1,0,5,22,,,9999,9999,9999,9999,0,0,0,1,0,,,,,,,,,,,,,,,,,,,,,,,,,,,
6157,Fakhim H,2021,"Asymptomatic carriers of coronavirus disease 2019 among healthcare workers in Isfahan, Iran",10.2217/fvl-2020-0224,https://doi.org/10.2217/fvl-2020-0224,1,"The present study aimed to investigate COVID-19 among HCWs in three referral hospitals in Isfahan, Iran. In this regard, all published papers on this topic were reviewed based on country, number of participants and positive cases.",1,2,,11,81,Isfahan,0,1,1,0,1,0,1,0,14,21,,,9999,9999,9999,9999,0,1,0,0,0,,,,,,,,,,,,,,,,,,,,,,,,,,,
6330,Beiting KJ,2021,Management and Outcomes of a COVID-19 Outbreak in a Nursing Home with Predominantly Black Residents.,10.1111/jgs.17126,https://www.ncbi.nlm.nih.gov/pubmed/33739444,1,"Few studies present clinical management approaches and outcomes of coronavirus disease 2019 (COVID?19) outbreaks in skilled nursing facilities (SNFs). We describe outcomes of a clinical management pathway for a large COVID?19 outbreak in an urban SNF with predominantly racial minority (>90% black), medically complex, older residents.",1,88,care homes,9,181,"Chicago, IL",0,1,0,1,1,0,1,0,50,172,,,9999,9999,9999,9999,0,0,1,0,0,,,,,,,,,,,,,,,,,,,,,,,,,,,
6365,Abraha HE,2021,Clinical Features and Risk Factors Associated with Morbidity and Mortality Among COVID-19 Patients in Northern Ethiopia.,10.1016/j.ijid.2021.03.037,https://www.ncbi.nlm.nih.gov/pubmed/33741488,1,To describe the clinical features and assess the determinants of severity and in-hospital mortality of patients with coronavirus disease 2019 (COVID-19) from a unique setting in Ethiopia.,1,88,Screening?,10,59,Tigray,0,1,0,1,1,0,1,,1935,2617,,,9999,9999,9999,9999,0,0,0,1,0,,,,,,,,,,,,,,,,,,,,,,,,,,,
6416,Hussain A,2020,Clinical and virological course of SARS-CoV 2 infected patients in a tertiary care hospital in Pakistan.,,https://pubmed.ncbi.nlm.nih.gov/33754515/,1,"The  objective  of  our  study wasto  describe clinicaland    epidemiologicalcharacteristics    of COVID-19  cases,variousclinical  features,  patients'characteristics,  severity  of  disease,  underlying  riskfactors    for    critical    illnessand    mortality    and ascertaining virological course during illness.",1,2,,9,130,Karachi,0,0,1,0,1,0,1,0,54,266,,,9999,9999,9999,9999,0,1,1,0,0,,,,,,,,,,,,,,,,,,,,,,,,,,,
6492,Wu P,2021,"Assessing asymptomatic, pre-symptomatic and symptomatic transmission risk of SARS-CoV-2.",10.1093/cid/ciab271,https://www.ncbi.nlm.nih.gov/pubmed/33772573,1,"In this study, we analyzed detailed  contact tracing data to characterise the risk of transmission from symptomatic and asymptomatic  individuals infected with SARS-CoV-2.",1,88,National Reporting System of Notifiable Infectious Diseases,1,40,,0,0,0,0,0,1,,,,,,,,,,,0,0,0,0,0,1,"The secondary attack rate among close  contacts of symptomatic and asymptomatic index cases were 4.1% (128/3136) and 1.1% (12/1078),  respectively, corresponding to a higher transmission risk from symptomatic cases than from  asymptomatic cases (OR: 3.79, 95% CI: 2.06, 6.95). Approximately 25% (32/128) and 50% (6/12) of  the infected close contacts were asymptomatic from symptomatic and asymptomatic index cases,  respectively, while more than one third (38%) of the infections in the close contacts of symptomatic  cases were attributable to exposure to the index cases before symptom onset",12; 1078,9999,9999,9999,9999,9999,9999,9999,9999,9999,9999,9999,9999,9999,9999,9999,128; 3136,,,,,,,,
6526,Garibaldi PMM,2021,Efficacy of COVID-19 outbreak management in a skilled nursing facility based on serial testing for early detection and control.,10.1016/j.bjid.2021.101570,https://www.ncbi.nlm.nih.gov/pubmed/33773990,1,"Herein we report a successful outbreak investigation and management, based on serial point-prevalence for early detection and control.",1,88,"long-term care, skilled nursing facilities",3,27,Sao Paulo State,1,1,0,1,1,0,2,0,1,12,0,8,9999,9999,9999,9999,0,0,1,0,0,,,,,,,,,,,,,,,,,,,,,,,,,,,
6685,Tian S,2021,Epidemiological investigation and intergenerational clinical characteristics of 24 coronavirus disease patients associated with a supermarket cluster: a retrospective study.,10.1186/s12889-021-10713-z,https://www.ncbi.nlm.nih.gov/pubmed/33794836,1,To assess epidemiological and  intergenerational clinical characteristics of COVID-19 patients associated with cluster outbreaks to provide valuable  data for the prevention and control of COVID-19.,1,88,Family cluster and a supermarket cluster,3,40,Shandong,0,1,1,0,1,1,1,,7,24,,,9999,9999,9999,9999,0,1,0,0,0,,,,,,,,,,,,,,,,,,,,,,,,,,,
6773,Hall VJ,2021,"SARS-CoV-2 infection rates of antibody-positive compared with antibody-negative health-care workers in England: a large, multicentre, prospective cohort study (SIREN).",10.1016/S0140-6736(21)00675-9,https://www.ncbi.nlm.nih.gov/pubmed/33844963,1,"The SARS-CoV-2 Immunity and Reinfection Evaluation  (SIREN) study is a large, national, multicentre prospective  cohort study of hospital health-care workers across  the National Health Service (NHS) in the UK, which  investigated whether the presence of antibodies against  SARS-CoV-2 was associated with a reduction in the  subsequent risk of symptomatic and asymptomatic  reinfection over the 12 months of follow-up. ",1,7,,11,180,NR,0,1,0,1,1,0,1,0,293,1704,,,9999,9999,9999,9999,0,1,1,0,0,,,,,,,,,,,,,,,,,,,,,,,,,,,
6867,Maki G,2020,Prevalence and outcome of asymptomatic procedural patients with COVID- 19 infection,10.1093/ofid/ofaa439.655,https://doi.org/10.1093/ofid/ofaa439.655,1,"""We describe the outcome of asymptomatic patients with SARS-COV-2 undergoing surgery or AGPs.""",1,2,,9,181,"Detroit, Michigan",0,1,0,1,1,0,1,0,16,18,,,9,7,mean 50.7 (not median),9999,0,1,0,0,0,,,,,,,,,,,,,,,,,,,,,,,,,,,
6903,Pamplona J,2021,High prevalence of SARS-CoV-2 infection in patients scheduled for digestive endoscopy after the peak of the first wave of the pandemic.,10.1016/j.gastrohep.2021.03.001,https://www.ncbi.nlm.nih.gov/pubmed/33862154,1,"Describe the detection of SARS-CoV-2, in a series of patients, scheduled for digestive endoscopy at Hospital Santa Caterina. Salt. (Girona).",1,2,,9,160,Girona,0,1,0,1,1,0,1,0,2,5,,,2,0,72,63-81,0,0,0,0,0,,,,,,,,,,,,,,,,,,,,,,,,,,,
6928,Jeffery-Smith A,2021,"Infection and transmission of SARS-CoV-2 in London care homes reporting no cases or outbreaks of COVID-19: Prospective observational cohort study, England 2020.",10.1016/j.lanepe.2021.100038,https://www.ncbi.nlm.nih.gov/pubmed/33870248,1,Here we report Phase 3 of the care home investigations which aimed to assess the presence of silent infection and transmission in five London care homes with no suspected or confirmed cases of COVID-19 at the peak of the pandemic.,3,88,nursing home staff+residents ,9,180,London,0,0,1,0,1,0,2,,2,3,6,13,9999,9999,9999,9999,0,1,1,0,0,,,,,,,,,,,,,,,,,,,,,,,,,,,
7023,Gettings JR,2021,"SARS-CoV-2 transmission in a Georgia school district - United States, December 2020-January 2021.",10.1093/cid/ciab332,https://www.ncbi.nlm.nih.gov/pubmed/33864375,1,"During December 1, 2020-January 22, 2021, SARS-CoV-2-infected index cases  and their close contacts in schools were identified by school and public health officials.    For  in-school contacts, we assessed symptoms and offered SARS-CoV-2 RT-PCR testing;  performed epidemiologic investigations and whole-genome sequencing to identify in-school  transmission; and calculated secondary attack rate (SAR) by school setting (e.g., sports,  elementary school classroom), index case role (i.e., staff, student), and index case  symptomatic status.",1,6,,1,181,Georgia,1,1,0,1,1,0,1,0,31,55,,,9999,9999,9999,9999,0,0,0,0,0,,,,,,,,,,,,,,,,,,,,,,,,,,,
7030,Bushman M,2021,Transmission of SARS-CoV-2 before and after symptom onset: impact of nonpharmaceutical interventions in China.,10.1007/s10654-021-00746-4,https://www.ncbi.nlm.nih.gov/pubmed/33881667,1,"Using serial interval data from before and after the rollout of nonpharmaceutical interventions in China, we estimate that the relative frequency of presymptomatic transmission increased from 34% before the rollout to 71% afterward.",1,6,,4,40,NA,0,1,0,0,0,1,,,,,,,,,,,0,0,0,0,0,0,"Using serial interval data from before and after the rollout of nonpharmaceutical interventions in China, we estimate that the relative frequency of presymptomatic transmission increased from 34% before the rollout to 71% afterward. The shift toward earlier transmission indicates a    disproportionate reduction in transmission post-symptom onset. We estimate that, following the rollout of nonpharmaceutical interventions, transmission post-symptom onset was reduced by 82%, whereas presymptomatic transmission decreased by only 16%. These findings suggest that interventions which limit opportunities for transmission in the later stages of infection, such as contact tracing and isolation, may have been particularly effective at reducing transmission of  SARS-CoV-2.    Post lockdown period estimation  71% CRI (67.6-74.2)  ",,,,,,,,,,,,,,,,,,"China, surveillance data ",,,,0.344,0.283,0.413,
7034,Turunen T,2021,"COVID-19 outbreak at a reception centre for asylum seekers in Espoo, Finland.",10.1016/j.jmh.2021.100043,https://www.ncbi.nlm.nih.gov/pubmed/33880457,1,"In April 2020, an increasing number of asylum seekers at a reception centre in Espoo, Finland presented with COVID-19 despite earlier implementation of preventive measures. We decided to screen the entire population of the centre for SARS-CoV-2.",1,88,reception center for asylum seekers,10,61,NA,1,0,0,0,1,0,1,,23,127,,,0,23,9999,9999,0,1,0,0,0,,,,,,,,,,,,,,,,,,,,,,,,,,,
7076,"Uçkay, I",2021,Outcomes of asymptomatic hospital employees in Covid-19-post-exposition quarantine during the 2nd pandemic wave in Zurich.,10.1016/j.jhin.2021.04.010,https://www.ncbi.nlm.nih.gov/pubmed/33891983,1,"We  investigated the outcome of quarantined employees and arbitrarily limited our study period to the three most intensive  months of the second pandemic wave between October 1st,  2020 and December 31st, 2020 in Zurich.",1,7,,9,166,Zurich,0,1,0,1,1,0,1,,71,175,,,9999,9999,9999,9999,0,1,0,0,0,,,,,,,,,,,,,,,,,,,,,,,,,,,
7078,Say D,2021,Post-acute COVID-19 outcomes in children with mild and asymptomatic disease.,10.1016/S2352-4642(21)00124-3,https://www.ncbi.nlm.nih.gov/pubmed/33891880,1,We aimed to describe medium-term clinical outcomes 3-6 months after diagnosis in children with COVID-19 presenting to a tertiary paediatric hospital.,1,2,,9,10,Melbourne,0,0,0,1,1,0,1,,61,171,,,9999,9999,9999,9999,1,0,0,0,0,,,,,,,,,,,,,,,,,,,,,,,,,,,
7187,Laws,2021,"COVID-19 Mitigation Efforts and Testing During an In-Person Training Event - Uganda, October 12-29, 2020.",10.1093/cid/ciab331,https://www.ncbi.nlm.nih.gov/pubmed/33912911,1,Universal covid testing during a training event in Uganda to find out the COVID  prevalence,1,88,Event attendies ,5,176,Kampala,0,1,0,1,1,0,1,,25,28,,,9999,9999,9999,9999,0,0,0,0,1,,,,,,,,,,,,,,,,,,,,,,,,,,,
7282,Nunes MC,2021,SARS-CoV-2 infection among healthcare workers in South Africa: a longitudinal cohort study.,10.1093/cid/ciab398,https://www.ncbi.nlm.nih.gov/pubmed/33949670,1," to determine the incidence of SARS-CoV-2   infection and describe the clinical presentation thereof among HCWs at a large tertiary care hospital   in South Africa, during the first COVID-19 wave. ",1,2,,9,156,Soweto,0,0,1,0,1,0,1,,14,115,,,9999,9999,9999,9999,0,1,0,0,0,,,,,,,,,,,,,,,,,,,,,,,,,,,
7331,Weinbergerova B,2021,COVID-19's natural course among ambulatory monitored outpatients.,10.1038/s41598-021-89545-1,https://www.ncbi.nlm.nih.gov/pubmed/33980931,1,"1. To map in detail the natural course of the disease in selected Czech patients who were primarily ambulatory monitored in-home care, not requiring admission to the hospital at the time of diagnosis. Telemedicine and protocol-based management with the guidance of professional healthcare specialists were employed.  2. To detect early imminent disease complications with a specifc focus on pneumonia, which could be underestimated by patients without regular telemonitoring and implementation of rapid diagnostics and treatment.  3. To describe viral load kinetics in relation to the spectrum of clinical symptoms.  4. To develop a simple model algorithm for telemedicine monitoring, which could become a national standard for general practitioners.",1,2,,9,50,Brno,0,0,1,0,1,0,1,,6,105,,,9999,9999,9999,9999,0,1,0,0,0,,,,,,,,,,,,,,,,,,,,,,,,,,,
7358,Tan J,2021,Transmission roles of symptomatic and asymptomatic COVID-19 cases: a modeling study,10.1101/2021.05.11.21257060,https://www.medrxiv.org/content/10.1101/2021.05.11.21257060v1?rss=1',1,(To investigate) Age-dependent asymptomatic and symptomatic transmission dynamics of COVID-19 have not been well quantified due to limited data.,1,88,Data of cases in a region,4,40,Zhejiang ,0,0,0,1,1,1,,,,,,,,,,,0,0,0,0,0,0,"The average burden of asymptomatic transmission during the major outbreak period was estimated to be 12.86% (95%CI: 7.54% - 19.27%). The burden of asymptomatic transmission increased with time, ranging from 7.77% to 16.03%",,,,,,,,,,,,,,,,,,,12.86%,7.77%,16.03%,,,,
7465,van den Besselaar JH,2021,Are presymptomatic SARS-CoV-2 infections in nursing home residents unrecognized symptomatic infections? Sequence and metadata from weekly testing in an extensive nursing home outbreak,10.1093/ageing/afab081,https://www.ncbi.nlm.nih.gov/pubmed/33963830,1,to assess the contribution of asymptomatic and presymptomatic residents and staff  in SARS-CoV-2 transmission during a large outbreak in a Dutch nursing home.,1,88,Nursing home ,3,121,South Holland,0,1,0,1,1,0,2,0,1,54,7,113,9999,9999,9999,9999,0,0,0,1,0,,,,,,,,,,,,,,,,,,,,,,,,,,,
7748,Malhotra S,2021,Epidemiological profiles and associated risk factors of SARS-CoV-2 positive patients based on a high-throughput testing facility in India.,10.1098/rsob.200288,https://www.ncbi.nlm.nih.gov/pubmed/34062097,1,We describe the epidemiological characteristics and associated risk factors of those presenting at a large testing centre for SARS-CoV-2 infection. ,1,88,Testing centre,10,79,NA,0,1,0,0,1,0,1,,1272,1729,,,9999,9999,9999,9999,0,0,0,1,0,,,,,,,,,,,,,,,,,,,,,,,,,,,
8067,Orsi A,2021,Outbreak of sars-cov-2 lineage 20i/501y.V1 in a nursing home underlines the crucial role of vaccination in both residents and staff,10.3390/vaccines9060591,https://doi.org/10.3390/vaccines9060591,1,To report results of the investigation of an outbreak caused by the novel SARS-CoV-2 variant in an Italian LCTF that occurred after the start of the national immunization campaign,1,88,Nursing home ,3,85,Genoa ,1,0,0,1,1,0,1,,13,14,,,9,4,91,84-93,0,0,1,0,0,,,,,,,,,,,,,,,,,,,,,,,,,,,
8167,Esteban I,2021,Asymptomatic COVID-19 in the elderly: Dementia and viral clearance as risk factors for disease progression,10.1164/ajrccm-conference.2021.203.1_MeetingAbstracts.A3826,https://doi.org/10.1164/ajrccm-conference.2021.203.1_MeetingAbstracts.A3826,1,to delineate the natural evolution of asymptomatic SARS-CoV-2 infection and identify determinants of progression to symptomatic illness,1,88,geriatric institution,9,27,South America,1,0,0,1,1,0,1,,75,113,,,9999,9999,9999,9999,0,0,1,0,0,,,,,,,,,,,,,,,,,,,,,,,,,,,
8197,Schmitt J,2021,SARS Cov2 Outbreak Management On A Landing Helicopter Dock : An Observational Retrospective Study.,10.1016/j.idnow.2021.06.303,https://www.ncbi.nlm.nih.gov/pubmed/34157429,1," to describe a SARS Cov2 outbreak and its management on the Dixmude, a French landing helicopter dock.",1,1,,3,147,NA,1,1,0,1,1,0,1,,18,595,,,0,9999,9999,9999,0,1,0,0,0,,,,,,,,,,,,,,,,,,,,,,,,,,,
8219,Paleker M,2021,Asymptomatic COVID-19 in South Africa - implications for the control of transmission.,10.5588/pha.20.0069,https://www.ncbi.nlm.nih.gov/pubmed/34159063,1,A retrospective analysis was done to determine the proportion of asymptomatic COVID-19 in the workplace during the lockdown period from 27 March to 31 May 2020,1,6,,3,156,NA,0,0,0,1,1,0,1,,41,112,,,9999,9999,9999,9999,0,0,0,1,0,,,,,,,,,,,,,,,,,,,,,,,,,,,
8224,Cardillo L,2021,SARS-CoV-2 quantitative real time PCR and viral loads analysis among asymptomatic and symptomatic patients: an observational study on an outbreak in two nursing facilities in Campania Region (Southern Italy).,10.1186/s13027-021-00388-x,https://www.ncbi.nlm.nih.gov/pubmed/34158108,1,To elucidate the possible role of asymptomatic individuals related to their viral loads in the transmission of the virus within two nursing facilities,1,7,,3,85,NA,0,0,0,1,1,0,1,,20,91,,,11,9,74,9999,0,1,1,0,0,,,,,,,,,,,,,,,,,,,,,,,,,,,
8277,Morgan SC,2021,"Automated, miniaturized, and scalable screening of healthcare workers, first responders, and students for SARS-CoV-2 in San Diego County",10.1101/2021.06.25.21257885,https://www.medrxiv.org/content/10.1101/2021.06.25.21257885v1?rss=1',1,"The objective of this study was to develop and establish an accurate, high-throughput, rapid, and inexpensive SARS-CoV-2 screening pipeline for use at the population level.",1,7,,11,181,San Diego,0,1,0,1,1,0,1,,2,11,,,9999,9999,9999,9999,0,1,0,0,0,,,,,,,,,,,,,,,,,,,,,,,,,,,
8298,Fisher MJ,2021,Asymptomatic SARS-CoV-2 Infection Following First Dose mRNA-1273 COVID-19 Vaccine in a Veterans Affairs Long Term Care Facility.,10.1016/j.ajic.2021.06.010,https://www.ncbi.nlm.nih.gov/pubmed/34175364,1,An outbreak of SARS-CoV-2 involving four residents of a United States Veterans Affairs long term care facility occurred following administration of the first dose of the mRNA-1273 vaccine (Moderna) to thirty out of 33 residents.,1,88,long term care facilities,9,181,New York,0,1,0,0,1,0,1,,3,4,,,0,3,78,77.5,0,0,1,0,0,,,,,,,,,,,,,,,,,,,,,,,,,,,
8307,Hwang,2021,Findings From Cardiovascular Evaluation of National Collegiate Athletic Association Division I Collegiate Student-Athletes After Asymptomatic or Mildly Symptomatic SARS-CoV-2 Infection.,10.1097/JSM.0000000000000954,https://www.ncbi.nlm.nih.gov/pubmed/34173780,1,The goal of the present study was to determine whether current published recommendations were appropriate for detecting postinfection cardiac sequelae.,1,88,Students,10,181,NA,0,1,0,1,1,0,1,,8,14,,,9999,9999,9999,9999,0,0,0,0,1,,,,,,,,,,,,,,,,,,,,,,,,,,,
8318,Patel MR,2021,Aftermath of fortnightly universal testing for severe acute respiratory corona virus-2 infection in maintenance hemodialysis patients.,10.1111/sdi.12997,https://www.ncbi.nlm.nih.gov/pubmed/34169574,1,We aimed to study the effectiveness of fortnightly screening with RT-PCR for SARS-CoV-2 in curbing transmission,1,2,,9,79,NA,0,0,1,1,1,0,1,,43,55,,,10,34,40.7,14,0,1,0,0,0,,,,,,,,,,,,,,,,,,,,,,,,,,,
9442,Theuring S,2021,"SARS-CoV-2 infection and transmission in school settings during the second COVID-19 wave: a cross-sectional study, Berlin, Germany, November 2020.",10.2807/1560-7917.ES.2021.26.34.2100184,https://www.ncbi.nlm.nih.gov/pubmed/34448448,1,"We aimed at assessing SARS-CoV-2 infection and transmission in Berlin schools   among school children, staff and connected household members as well as at estimating secondary infections arising from the school context.",3,88,Schools,10,67,Berlin,0,1,0,1,1,0,2,0,2,10,0,14,9999,9999,9999,9999,0,0,0,1,0,,,,,,,,,,,,,,,,,,,,,,,,,,,
9484,Sun K,2020,"Transmission heterogeneities, kinetics, and controllability of SARS-CoV-2",10.1126/science.abe2424,https://www.ncbi.nlm.nih.gov/pubmed/33234698,1,"To identify the demographic, clinical, and behavioral factors that drive transmission heterogeneities and evaluate how interventions modulate the topology of the transmission network. To estimate the feasibility of epidemic control by individual- and population-based interventions.",1,6,,4,40,Hunan,1,0,0,0,0,1,,,,,,,,,,,0,0,0,0,0,0,"53% of  the overall infectiousness in the presymptomatic phase  Our study is likely underpowered to assess the transmission potential of asymptomatic individuals given the  relatively small fraction of these infections in  our data (13.5% overall and 22.1% of infections  captured through contact tracing). There is no  statistical support for decreased transmission  from asymptomatic individuals (fig. S3A), although we observe a positive, but nonsignificant,  gradient in average transmission risk with  disease severity. ",,,,,,,,,,,,,,,,,,,,,,0.53,,,
11099,Khondaker T,2021,Clinical Profile and Outcome of COVID -19 in Children with Pre-Existing Renal Disease,https://doi.org/10.22037/jpn.v9i1.33008,https://journals.sbmu.ac.ir/jpn/article/view/33008,1,Since information is lacking this study was conducted to see the impact of COVID-19 infection in children with kidney diseases.,1,2,,9,16,Dhaka,0,1,0,1,1,0,1,0,7,26,,,9999,9999,9999,9999,1,0,0,0,0,,,,,,,,,,,,,,,,,,,,,,,,,,,
,,,,,,,,,,,,,,,,,,,,,,,,,,,,,,,,,,,,,,,,,,,,,,,,,,,,,,,,,,,,,
,,,,,,,,,,,,,,,,,,,,,,,,,,,,,,,,,,,,,,,,,,,,,,,,,,,,,,,,,,,,,
,,,,,,,,,,,,,,,,,,,,,,,,,,,,,,,,,,,,,,,,,,,,,,,,,,,,,,,,,,,,,
,,,,,,,,,,,,,,,,,,,,,,,,,,,,,,,,,,,,,,,,,,,,,,,,,,,,,,,,,,,,,
,,,,,,,,,,,,,,,,,,,,,,,,,,,,,,,,,,,,,,,,,,,,,,,,,,,,,,,,,,,,,
,,,,,,,,,,,,,,,,,,,,,,,,,,,,,,,,,,,,,,,,,,,,,,,,,,,,,,,,,,,,,
,,,,,,,,,,,,,,,,,,,,,,,,,,,,,,,,,,,,,,,,,,,,,,,,,,,,,,,,,,,,,
,,,,,,,,,,,,,,,,,,,,,,,,,,,,,,,,,,,,,,,,,,,,,,,,,,,,,,,,,,,,,
,,,,,,,,,,,,,,,,,,,,,,,,,,,,,,,,,,,,,,,,,,,,,,,,,,,,,,,,,,,,,
,,,,,,,,,,,,,,,,,,,,,,,,,,,,,,,,,,,,,,,,,,,,,,,,,,,,,,,,,,,,,
,,,,,,,,,,,,,,,,,,,,,,,,,,,,,,,,,,,,,,,,,,,,,,,,,,,,,,,,,,,,,
,,,,,,,,,,,,,,,,,,,,,,,,,,,,,,,,,,,,,,,,,,,,,,,,,,,,,,,,,,,,,
,,,,,,,,,,,,,,,,,,,,,,,,,,,,,,,,,,,,,,,,,,,,,,,,,,,,,,,,,,,,,
,,,,,,,,,,,,,,,,,,,,,,,,,,,,,,,,,,,,,,,,,,,,,,,,,,,,,,,,,,,,,
